44	u	$ == 0	0.943813
		$ < 0	0.010934
		$ <= 0	0.001829
		i < $	0.001179
		$ > 0	0.001132
		$ == null	0.000672
		$ < n	0.000616
		$ < nRows	0.000565
		$ != 0	0.000536
		$.length == 0	0.000407
46	u	$ == 0	0.638002
		$ > 0	0.232456
		$ != 0	0.020416
		$ < 0	0.011105
		i < $	0.007339
		$ == null	0.006143
		$.length == 0	0.003699
		$ < nRows	0.002847
		row < $	0.001619
		i < $.length	0.001382
8	u	$ == null	0.954693
		$ != null	0.021152
		$ < m	0.001718
		$ != 0	0.000680
		$ == 0	0.000497
		i < $.length	0.000395
		i < $	0.000230
		$	0.000164
		$ >= 0	0.000158
		$.hasNext()	0.000138
9	u	$ != null	0.805356
		$ == null	0.122372
		i < $.length	0.001211
		i < $	0.000773
		$.length == 0	0.000653
		$ == 0	0.000606
		$	0.000550
		$ != 0	0.000547
		$ < 0	0.000510
		j < $	0.000279
13882	k	j < $	0.264974
		$ < data.length	0.042598
		$ > 0	0.035897
		$ < n	0.029330
		$ < nRows	0.018997
		i < $	0.012573
		row < $	0.006817
		$ < m	0.005038
		i <= $	0.003396
		$ == 0	0.003104
13883	k	$ > 0	0.805675
		$ < 0	0.022833
		$ == 0	0.012641
		$ < data.length	0.008671
		$ != null	0.007132
		$ < n	0.005348
		$ != 0	0.005203
		j < $	0.004777
		$ < nRows	0.003006
		i < $	0.002533
13885	k	$ < n	0.119480
		$ < data.length	0.042702
		j < $	0.022420
		$ < nRows	0.021516
		i <= $	0.018441
		i < $	0.015434
		$ > 0	0.009742
		$ >= 0	0.003226
		$ == 0	0.002673
		$ < 0	0.002595
13451	k	j < $	0.264974
		$ < data.length	0.042598
		$ > 0	0.035897
		$ < n	0.029330
		$ < nRows	0.018997
		i < $	0.012573
		row < $	0.006817
		$ < m	0.005038
		i <= $	0.003396
		$ == 0	0.003104
13452	k	$ > 0	0.805675
		$ < 0	0.022833
		$ == 0	0.012641
		$ < data.length	0.008671
		$ != null	0.007132
		$ < n	0.005348
		$ != 0	0.005203
		j < $	0.004777
		$ < nRows	0.003006
		i < $	0.002533
13454	k	$ < n	0.119480
		$ < data.length	0.042702
		j < $	0.022420
		$ < nRows	0.021516
		i <= $	0.018441
		i < $	0.015434
		$ > 0	0.009742
		$ >= 0	0.003226
		$ == 0	0.002673
		$ < 0	0.002595
13664	k	$ < data.length	0.091062
		$ < nRows	0.083352
		$ < n	0.052593
		j < $	0.016318
		i < $	0.014067
		$ > 0	0.008935
		i <= $	0.007148
		$ < m	0.006320
		$ >= 0	0.004042
		$ < 0	0.002030
12	k	$ != null	0.738667
		$ == null	0.079776
		$.length == 0	0.002949
		i < $.length	0.002437
		$ < 0	0.002247
		$ != 0	0.001773
		i < $	0.001763
		$ == 0	0.001477
		$	0.001350
		$ > 0	0.001234
13	k	$ == 0	0.566135
		$ < 0	0.050990
		i < $	0.014369
		$ < npt	0.011955
		i <= $	0.011317
		$ > 0	0.010805
		$ >= 0	0.007754
		$.length == 0	0.007397
		$ <= 0	0.005583
		$ < n	0.005093
12327	k	$ == 0	0.566135
		$ < 0	0.050990
		i < $	0.014369
		$ < npt	0.011955
		i <= $	0.011317
		$ > 0	0.010805
		$ >= 0	0.007754
		$.length == 0	0.007397
		$ <= 0	0.005583
		$ < n	0.005093
12328	k	i <= $	0.087591
		i < $	0.071393
		$ < npt	0.029687
		$ < n	0.017654
		j < $	0.016687
		$ >= 0	0.011464
		$ > 0	0.005497
		$ < nRows	0.004157
		$ == 0	0.003640
		$ < 0	0.002528
12329	k	i <= $	0.087591
		i < $	0.071393
		$ < npt	0.029687
		$ < n	0.017654
		j < $	0.016687
		$ >= 0	0.011464
		$ > 0	0.005497
		$ < nRows	0.004157
		$ == 0	0.003640
		$ < 0	0.002528
17	k	i <= $	0.087591
		i < $	0.071393
		$ < npt	0.029687
		$ < n	0.017654
		j < $	0.016687
		$ >= 0	0.011464
		$ > 0	0.005497
		$ < nRows	0.004157
		$ == 0	0.003640
		$ < 0	0.002528
18	k	$ == 0	0.551017
		$ < 0	0.050274
		i <= $	0.032382
		i < $	0.014167
		$ < npt	0.011787
		$ > 0	0.010653
		$ >= 0	0.007645
		$.length == 0	0.007293
		$ <= 0	0.005505
		$ < n	0.005021
12330	k	$ == 0	0.551017
		$ < 0	0.050274
		i <= $	0.032382
		i < $	0.014167
		$ < npt	0.011787
		$ > 0	0.010653
		$ >= 0	0.007645
		$.length == 0	0.007293
		$ <= 0	0.005505
		$ < n	0.005021
21	k	i <= $	0.383908
		i < $	0.048221
		$ < npt	0.020052
		$ < n	0.011924
		j < $	0.011271
		$ >= 0	0.007743
		$ > 0	0.003713
		$ < nRows	0.002808
		$ == 0	0.002303
		$ < 0	0.001707
22	k	$ == 0	0.545799
		$ < 0	0.049831
		i <= $	0.041271
		i < $	0.014042
		$ < npt	0.011683
		$ > 0	0.010559
		$ >= 0	0.007577
		$.length == 0	0.007229
		$ <= 0	0.005456
		$ < n	0.004977
12332	k	i < $	0.618425
		j < $	0.134090
		i <= $	0.088584
		row < $	0.007900
		$ < n	0.001699
		$ == 0	0.000909
		$ > 0	0.000894
		k < $	0.000886
		$ < nRows	0.000807
		$ < 0	0.000436
79	k	$ != 0	0.851225
		$ < 0	0.020423
		$ > 0	0.004609
		i < $.length	0.002881
		i < $	0.002434
		j < $	0.002077
		$ == null	0.001733
		$ < n	0.001147
		i <= $	0.001075
		$ < nRows	0.000673
83	k	$ < data.length	0.192655
		j < $	0.044079
		$ < nRows	0.025557
		i < $	0.012929
		$ < n	0.011367
		i <= $	0.011314
		$ < m	0.010638
		$ > 0	0.010118
		$ >= 0	0.008184
		$ < 0	0.003812
84	k	$ == 0	0.552252
		$ < 0	0.104277
		i < $	0.014790
		i <= $	0.009999
		$ < n	0.006538
		$ > 0	0.006174
		$ < npt	0.005670
		$ <= 0	0.005063
		$ == null	0.004946
		$ >= 0	0.003036
12346	k	$ == 0	0.552252
		$ < 0	0.104277
		i < $	0.014790
		i <= $	0.009999
		$ < n	0.006538
		$ > 0	0.006174
		$ < npt	0.005670
		$ <= 0	0.005063
		$ == null	0.004946
		$ >= 0	0.003036
13943	k	i < $	0.519799
		$ < n	0.118593
		i <= $	0.044320
		$ > 0	0.042628
		$ >= 0	0.028247
		$ < npt	0.018912
		$ == 0	0.017835
		$ < 0	0.014539
		$ != 0	0.003380
		$ != null	0.001960
13947	k	i < $	0.494309
		j < $	0.428602
		i <= $	0.008851
		k < $	0.002301
		$ < npt	0.001930
		row < $	0.001014
		$ < n	0.000960
		$ == 0	0.000322
		$ > 0	0.000281
		$ >= 0	0.000189
13948	k	k < $	0.968899
		i < $	0.016189
		j < $	0.004072
		i <= $	0.000331
		$ < npt	0.000306
		row < $	0.000197
		$ < n	0.000128
		$ == 0	0.000095
		$ > 0	0.000054
		$ >= 0	0.000028
13953	k	$ < n	0.879772
		$ < npt	0.015185
		i <= $	0.004461
		i < $	0.003352
		j < $	0.002240
		$ >= 0	0.001691
		$ < data.length	0.001227
		$ > 0	0.000922
		$ < nRows	0.000529
		$ == 0	0.000374
13955	k	i < $	0.494309
		j < $	0.428602
		i <= $	0.008851
		k < $	0.002301
		$ < npt	0.001930
		row < $	0.001014
		$ < n	0.000960
		$ == 0	0.000322
		$ > 0	0.000281
		$ >= 0	0.000189
13956	k	k < $	0.968899
		i < $	0.016189
		j < $	0.004072
		i <= $	0.000331
		$ < npt	0.000306
		row < $	0.000197
		$ < n	0.000128
		$ == 0	0.000095
		$ > 0	0.000054
		$ >= 0	0.000028
13960	k	i < $	0.494309
		j < $	0.428602
		i <= $	0.008851
		k < $	0.002301
		$ < npt	0.001930
		row < $	0.001014
		$ < n	0.000960
		$ == 0	0.000322
		$ > 0	0.000281
		$ >= 0	0.000189
13964	k	i < $	0.494309
		j < $	0.428602
		i <= $	0.008851
		k < $	0.002301
		$ < npt	0.001930
		row < $	0.001014
		$ < n	0.000960
		$ == 0	0.000322
		$ > 0	0.000281
		$ >= 0	0.000189
13967	k	i < $	0.494309
		j < $	0.428602
		i <= $	0.008851
		k < $	0.002301
		$ < npt	0.001930
		row < $	0.001014
		$ < n	0.000960
		$ == 0	0.000322
		$ > 0	0.000281
		$ >= 0	0.000189
13968	k	k < $	0.968899
		i < $	0.016189
		j < $	0.004072
		i <= $	0.000331
		$ < npt	0.000306
		row < $	0.000197
		$ < n	0.000128
		$ == 0	0.000095
		$ > 0	0.000054
		$ >= 0	0.000028
13970	k	i < $	0.494309
		j < $	0.428602
		i <= $	0.008851
		k < $	0.002301
		$ < npt	0.001930
		row < $	0.001014
		$ < n	0.000960
		$ == 0	0.000322
		$ > 0	0.000281
		$ >= 0	0.000189
13973	k	i < $	0.494309
		j < $	0.428602
		i <= $	0.008851
		k < $	0.002301
		$ < npt	0.001930
		row < $	0.001014
		$ < n	0.000960
		$ == 0	0.000322
		$ > 0	0.000281
		$ >= 0	0.000189
13979	k	$ < n	0.759914
		i <= $	0.143038
		i < $	0.020553
		$ < npt	0.002718
		$ >= 0	0.001440
		j < $	0.001315
		$ > 0	0.000451
		$ == 0	0.000228
		$ < solvedCols	0.000223
		$ < 0	0.000213
13980	k	$ > 0	0.579177
		i < $	0.084735
		j < $	0.019081
		$ < npt	0.005274
		$ < n	0.003439
		$ == 0	0.003199
		i <= $	0.002149
		k < $	0.001373
		$ >= 0	0.000887
		$ == null	0.000773
13986	k	$ < n	0.879772
		$ < npt	0.015185
		i <= $	0.004461
		i < $	0.003352
		j < $	0.002240
		$ >= 0	0.001691
		$ < data.length	0.001227
		$ > 0	0.000922
		$ < nRows	0.000529
		$ == 0	0.000374
13988	k	i < $	0.494309
		j < $	0.428602
		i <= $	0.008851
		k < $	0.002301
		$ < npt	0.001930
		row < $	0.001014
		$ < n	0.000960
		$ == 0	0.000322
		$ > 0	0.000281
		$ >= 0	0.000189
13995	k	i < $	0.519799
		$ < n	0.118593
		i <= $	0.044320
		$ > 0	0.042628
		$ >= 0	0.028247
		$ < npt	0.018912
		$ == 0	0.017835
		$ < 0	0.014539
		$ != 0	0.003380
		$ != null	0.001960
13998	k	$ == 0	0.288639
		$ > 0	0.168992
		i < $	0.105148
		j < $	0.023678
		$ < 0	0.010561
		$ < npt	0.006786
		$ != 0	0.005926
		$ < n	0.005378
		$ >= 0	0.005272
		$ != null	0.002948
14000	k	j < $	0.538109
		k < $	0.180675
		i < $	0.105673
		i <= $	0.005367
		$ < npt	0.004954
		row < $	0.003190
		$ < n	0.002076
		$ == 0	0.001531
		$ > 0	0.000870
		$ >= 0	0.000461
14001	k	k < $	0.968899
		i < $	0.016189
		j < $	0.004072
		i <= $	0.000331
		$ < npt	0.000306
		row < $	0.000197
		$ < n	0.000128
		$ == 0	0.000095
		$ > 0	0.000054
		$ >= 0	0.000028
14002	k	k < $	0.968899
		i < $	0.016189
		j < $	0.004072
		i <= $	0.000331
		$ < npt	0.000306
		row < $	0.000197
		$ < n	0.000128
		$ == 0	0.000095
		$ > 0	0.000054
		$ >= 0	0.000028
14005	k	i < $	0.494309
		j < $	0.428602
		i <= $	0.008851
		k < $	0.002301
		$ < npt	0.001930
		row < $	0.001014
		$ < n	0.000960
		$ == 0	0.000322
		$ > 0	0.000281
		$ >= 0	0.000189
14007	k	$ == 0	0.288639
		$ > 0	0.168992
		i < $	0.105148
		j < $	0.023678
		$ < 0	0.010561
		$ < npt	0.006786
		$ != 0	0.005926
		$ < n	0.005378
		$ >= 0	0.005272
		$ != null	0.002948
14010	k	i < $	0.494309
		j < $	0.428602
		i <= $	0.008851
		k < $	0.002301
		$ < npt	0.001930
		row < $	0.001014
		$ < n	0.000960
		$ == 0	0.000322
		$ > 0	0.000281
		$ >= 0	0.000189
14012	k	i < $	0.643386
		j < $	0.246337
		i <= $	0.004946
		k < $	0.003336
		$ < npt	0.002282
		$ < n	0.002088
		row < $	0.001562
		$ >= 0	0.000621
		$ > 0	0.000511
		$ == 0	0.000363
14014	k	i < $	0.688071
		j < $	0.214591
		k < $	0.003069
		i <= $	0.002339
		$ < npt	0.002061
		$ < n	0.001886
		row < $	0.001411
		$ == 0	0.000540
		$ > 0	0.000495
		$ < 0	0.000263
14017	k	i < $	0.688071
		j < $	0.214591
		k < $	0.003069
		i <= $	0.002339
		$ < npt	0.002061
		$ < n	0.001886
		row < $	0.001411
		$ == 0	0.000540
		$ > 0	0.000495
		$ < 0	0.000263
14024	k	$ > 0	0.106709
		$ == 0	0.068303
		$ < 0	0.055712
		$ < npt	0.050724
		$ >= 0	0.030815
		$.length == 0	0.014388
		$ != null	0.008485
		$ <= 0	0.008337
		i < $.length	0.007458
		$ == null	0.007260
14030	k	j < $	0.659178
		i < $	0.248848
		k < $	0.010638
		i <= $	0.003055
		$ < npt	0.002231
		$ < n	0.001047
		$ < m	0.000439
		$ != 0	0.000387
		$ < 0	0.000375
		$ > 0	0.000345
14033	k	j < $	0.464382
		i < $	0.414746
		k < $	0.011734
		i <= $	0.006784
		$ < npt	0.002908
		$ < n	0.001364
		$ != 0	0.000670
		$ < 0	0.000585
		$ < m	0.000572
		$ > 0	0.000421
14051	k	i < $	0.521283
		$ >= 0	0.088292
		$ < n	0.081494
		$ < 0	0.058058
		i <= $	0.042063
		$ > 0	0.022779
		$ < npt	0.008915
		$ == 0	0.001798
		$ < m	0.001717
		$ != null	0.001231
14054	k	i < $	0.817334
		j < $	0.117195
		k < $	0.009897
		i <= $	0.003337
		$ < npt	0.001507
		$ < n	0.000631
		row < $	0.000204
		$ < 0	0.000173
		$ < m	0.000156
		$ >= 0	0.000116
13513	k	i < $	0.519799
		$ < n	0.118593
		i <= $	0.044320
		$ > 0	0.042628
		$ >= 0	0.028247
		$ < npt	0.018912
		$ == 0	0.017835
		$ < 0	0.014539
		$ != 0	0.003380
		$ != null	0.001960
13517	k	i < $	0.494309
		j < $	0.428602
		i <= $	0.008851
		k < $	0.002301
		$ < npt	0.001930
		row < $	0.001014
		$ < n	0.000960
		$ == 0	0.000322
		$ > 0	0.000281
		$ >= 0	0.000189
13518	k	k < $	0.968899
		i < $	0.016189
		j < $	0.004072
		i <= $	0.000331
		$ < npt	0.000306
		row < $	0.000197
		$ < n	0.000128
		$ == 0	0.000095
		$ > 0	0.000054
		$ >= 0	0.000028
13523	k	$ < n	0.879772
		$ < npt	0.015185
		i <= $	0.004461
		i < $	0.003352
		j < $	0.002240
		$ >= 0	0.001691
		$ < data.length	0.001227
		$ > 0	0.000922
		$ < nRows	0.000529
		$ == 0	0.000374
13525	k	i < $	0.494309
		j < $	0.428602
		i <= $	0.008851
		k < $	0.002301
		$ < npt	0.001930
		row < $	0.001014
		$ < n	0.000960
		$ == 0	0.000322
		$ > 0	0.000281
		$ >= 0	0.000189
13526	k	k < $	0.968899
		i < $	0.016189
		j < $	0.004072
		i <= $	0.000331
		$ < npt	0.000306
		row < $	0.000197
		$ < n	0.000128
		$ == 0	0.000095
		$ > 0	0.000054
		$ >= 0	0.000028
13530	k	i < $	0.494309
		j < $	0.428602
		i <= $	0.008851
		k < $	0.002301
		$ < npt	0.001930
		row < $	0.001014
		$ < n	0.000960
		$ == 0	0.000322
		$ > 0	0.000281
		$ >= 0	0.000189
13534	k	i < $	0.494309
		j < $	0.428602
		i <= $	0.008851
		k < $	0.002301
		$ < npt	0.001930
		row < $	0.001014
		$ < n	0.000960
		$ == 0	0.000322
		$ > 0	0.000281
		$ >= 0	0.000189
13537	k	i < $	0.494309
		j < $	0.428602
		i <= $	0.008851
		k < $	0.002301
		$ < npt	0.001930
		row < $	0.001014
		$ < n	0.000960
		$ == 0	0.000322
		$ > 0	0.000281
		$ >= 0	0.000189
13538	k	k < $	0.968899
		i < $	0.016189
		j < $	0.004072
		i <= $	0.000331
		$ < npt	0.000306
		row < $	0.000197
		$ < n	0.000128
		$ == 0	0.000095
		$ > 0	0.000054
		$ >= 0	0.000028
13540	k	i < $	0.494309
		j < $	0.428602
		i <= $	0.008851
		k < $	0.002301
		$ < npt	0.001930
		row < $	0.001014
		$ < n	0.000960
		$ == 0	0.000322
		$ > 0	0.000281
		$ >= 0	0.000189
13543	k	i < $	0.494309
		j < $	0.428602
		i <= $	0.008851
		k < $	0.002301
		$ < npt	0.001930
		row < $	0.001014
		$ < n	0.000960
		$ == 0	0.000322
		$ > 0	0.000281
		$ >= 0	0.000189
13549	k	$ < n	0.759914
		i <= $	0.143038
		i < $	0.020553
		$ < npt	0.002718
		$ >= 0	0.001440
		j < $	0.001315
		$ > 0	0.000451
		$ == 0	0.000228
		$ < solvedCols	0.000223
		$ < 0	0.000213
13550	k	$ > 0	0.579177
		i < $	0.084735
		j < $	0.019081
		$ < npt	0.005274
		$ < n	0.003439
		$ == 0	0.003199
		i <= $	0.002149
		k < $	0.001373
		$ >= 0	0.000887
		$ == null	0.000773
13556	k	$ < n	0.879772
		$ < npt	0.015185
		i <= $	0.004461
		i < $	0.003352
		j < $	0.002240
		$ >= 0	0.001691
		$ < data.length	0.001227
		$ > 0	0.000922
		$ < nRows	0.000529
		$ == 0	0.000374
13558	k	i < $	0.494309
		j < $	0.428602
		i <= $	0.008851
		k < $	0.002301
		$ < npt	0.001930
		row < $	0.001014
		$ < n	0.000960
		$ == 0	0.000322
		$ > 0	0.000281
		$ >= 0	0.000189
13565	k	i < $	0.519799
		$ < n	0.118593
		i <= $	0.044320
		$ > 0	0.042628
		$ >= 0	0.028247
		$ < npt	0.018912
		$ == 0	0.017835
		$ < 0	0.014539
		$ != 0	0.003380
		$ != null	0.001960
13568	k	$ == 0	0.288639
		$ > 0	0.168992
		i < $	0.105148
		j < $	0.023678
		$ < 0	0.010561
		$ < npt	0.006786
		$ != 0	0.005926
		$ < n	0.005378
		$ >= 0	0.005272
		$ != null	0.002948
13570	k	j < $	0.538109
		k < $	0.180675
		i < $	0.105673
		i <= $	0.005367
		$ < npt	0.004954
		row < $	0.003190
		$ < n	0.002076
		$ == 0	0.001531
		$ > 0	0.000870
		$ >= 0	0.000461
13571	k	k < $	0.968899
		i < $	0.016189
		j < $	0.004072
		i <= $	0.000331
		$ < npt	0.000306
		row < $	0.000197
		$ < n	0.000128
		$ == 0	0.000095
		$ > 0	0.000054
		$ >= 0	0.000028
13572	k	k < $	0.968899
		i < $	0.016189
		j < $	0.004072
		i <= $	0.000331
		$ < npt	0.000306
		row < $	0.000197
		$ < n	0.000128
		$ == 0	0.000095
		$ > 0	0.000054
		$ >= 0	0.000028
13575	k	i < $	0.494309
		j < $	0.428602
		i <= $	0.008851
		k < $	0.002301
		$ < npt	0.001930
		row < $	0.001014
		$ < n	0.000960
		$ == 0	0.000322
		$ > 0	0.000281
		$ >= 0	0.000189
13577	k	$ == 0	0.288639
		$ > 0	0.168992
		i < $	0.105148
		j < $	0.023678
		$ < 0	0.010561
		$ < npt	0.006786
		$ != 0	0.005926
		$ < n	0.005378
		$ >= 0	0.005272
		$ != null	0.002948
13580	k	i < $	0.494309
		j < $	0.428602
		i <= $	0.008851
		k < $	0.002301
		$ < npt	0.001930
		row < $	0.001014
		$ < n	0.000960
		$ == 0	0.000322
		$ > 0	0.000281
		$ >= 0	0.000189
13582	k	i < $	0.643386
		j < $	0.246337
		i <= $	0.004946
		k < $	0.003336
		$ < npt	0.002282
		$ < n	0.002088
		row < $	0.001562
		$ >= 0	0.000621
		$ > 0	0.000511
		$ == 0	0.000363
13584	k	i < $	0.688071
		j < $	0.214591
		k < $	0.003069
		i <= $	0.002339
		$ < npt	0.002061
		$ < n	0.001886
		row < $	0.001411
		$ == 0	0.000540
		$ > 0	0.000495
		$ < 0	0.000263
13587	k	i < $	0.688071
		j < $	0.214591
		k < $	0.003069
		i <= $	0.002339
		$ < npt	0.002061
		$ < n	0.001886
		row < $	0.001411
		$ == 0	0.000540
		$ > 0	0.000495
		$ < 0	0.000263
13594	k	$ > 0	0.106709
		$ == 0	0.068303
		$ < 0	0.055712
		$ < npt	0.050724
		$ >= 0	0.030815
		$.length == 0	0.014388
		$ != null	0.008485
		$ <= 0	0.008337
		i < $.length	0.007458
		$ == null	0.007260
13600	k	j < $	0.659178
		i < $	0.248848
		k < $	0.010638
		i <= $	0.003055
		$ < npt	0.002231
		$ < n	0.001047
		$ < m	0.000439
		$ != 0	0.000387
		$ < 0	0.000375
		$ > 0	0.000345
13603	k	j < $	0.464382
		i < $	0.414746
		k < $	0.011734
		i <= $	0.006784
		$ < npt	0.002908
		$ < n	0.001364
		$ != 0	0.000670
		$ < 0	0.000585
		$ < m	0.000572
		$ > 0	0.000421
13621	k	i < $	0.521283
		$ >= 0	0.088292
		$ < n	0.081494
		$ < 0	0.058058
		i <= $	0.042063
		$ > 0	0.022779
		$ < npt	0.008915
		$ == 0	0.001798
		$ < m	0.001717
		$ != null	0.001231
13624	k	i < $	0.817334
		j < $	0.117195
		k < $	0.009897
		i <= $	0.003337
		$ < npt	0.001507
		$ < n	0.000631
		row < $	0.000204
		$ < 0	0.000173
		$ < m	0.000156
		$ >= 0	0.000116
12994	k	$ > 0	0.802775
		$ < 0	0.075583
		i < $	0.027095
		$ != 0	0.007631
		$ == 0	0.006152
		$ < m	0.005513
		$ < n	0.004033
		$ >= 0	0.002944
		j < $	0.000822
		$ <= 0	0.000559
13003	k	j < $	0.701440
		i < $	0.214688
		k < $	0.034929
		$ < n	0.002470
		$ < m	0.001379
		i <= $	0.000551
		row < $	0.000182
		$ < 0	0.000150
		$ > 0	0.000134
		$ == 0	0.000091
962	k	$ != 0	0.659665
		$ == 0	0.064671
		$ > 0	0.058656
		$ < 0	0.022993
		$ < m	0.017815
		i < $	0.015638
		$ != null	0.009851
		$.length == 0	0.007764
		$ == null	0.004711
		i < $.length	0.003320
12453	k	i < $	0.010988
		$	0.007892
		$ == null	0.004561
		$ == 0	0.004316
		$ != null	0.003487
		$ < n	0.003403
		$ <= 0	0.003035
		$.hasNext()	0.002978
		$ < 0	0.002362
		$ != 0	0.002075
14684	k	$ > 0	0.581261
		$ >= 0	0.147980
		$ < n	0.041759
		$ < m	0.017090
		i < $	0.007228
		$ < data.length	0.006395
		j < $	0.002708
		i < $.length	0.001539
		$ < 0	0.001296
		$ != 0	0.000955
14686	k	$ >= 0	0.792389
		i < $	0.015996
		$ < n	0.010627
		$ > 0	0.005978
		j < $	0.005108
		$ < m	0.003448
		$ < npt	0.002602
		i <= $	0.001261
		$ < 0	0.000795
		$ == 0	0.000756
14688	k	$ >= 0	0.874113
		i < $	0.012984
		j < $	0.003549
		$ < n	0.003181
		$ < npt	0.003035
		$ > 0	0.001890
		i <= $	0.000985
		$ == 0	0.000875
		$ < m	0.000857
		row < $	0.000706
14690	k	$ >= 0	0.904413
		i < $	0.009851
		j < $	0.002638
		$ > 0	0.002341
		$ < npt	0.002303
		$ < n	0.001954
		i <= $	0.000747
		$ < m	0.000651
		$ == 0	0.000582
		i < $.length	0.000409
14696	k	i < $.length	0.953346
		$.length == 0	0.001974
		$ == null	0.001748
		$ > 0	0.001072
		$ == 0	0.000794
		$ != null	0.000785
		$ < m	0.000455
		$ >= 0	0.000391
		i < $	0.000386
		j < $	0.000255
14698	k	$ >= 0	0.792301
		i < $	0.015994
		$ < n	0.010626
		$ > 0	0.005977
		j < $	0.005107
		$ < m	0.003448
		$ < npt	0.002602
		i <= $	0.001261
		$ == 0	0.000949
		$ < 0	0.000713
14700	k	$ >= 0	0.874160
		i < $	0.012984
		j < $	0.003550
		$ < n	0.003181
		$ < npt	0.003035
		$ > 0	0.001890
		i <= $	0.000985
		$ < m	0.000857
		$ == 0	0.000822
		row < $	0.000706
14702	k	$ >= 0	0.904413
		i < $	0.009851
		j < $	0.002638
		$ > 0	0.002341
		$ < npt	0.002303
		$ < n	0.001954
		i <= $	0.000747
		$ < m	0.000651
		$ == 0	0.000582
		i < $.length	0.000409
12807	k	i < $	0.706657
		$ < m	0.023776
		k < $	0.010087
		j < $	0.009802
		i < $.length	0.006975
		row < $	0.006240
		$ == 0	0.005794
		$ != 0	0.004197
		$ > 0	0.003128
		$.length == 0	0.002905
12809	k	i < $	0.469699
		k < $	0.290866
		j < $	0.071560
		$ < m	0.019523
		$ >= 0	0.007712
		$ < n	0.006022
		row < $	0.005177
		i <= $	0.003083
		$ > 0	0.002660
		$ != 0	0.001303
14290	k	i < $	0.278278
		$ < n	0.248020
		$ > 0	0.079150
		$ == 0	0.056790
		$ >= 0	0.049749
		$ < 0	0.023811
		$ != 0	0.022637
		$ < m	0.008405
		i <= $	0.006821
		$ != null	0.005692
13713	k	$ <= 0	0.865612
		$ < 0	0.012447
		$ == 0	0.010131
		$ == null	0.001549
		$ > 0	0.001008
		i < $	0.000988
		i < $.length	0.000822
		$.length == 0	0.000782
		$ >= 0	0.000386
		$ != 0	0.000340
13715	k	i < $.length	0.950108
		j < $	0.004610
		$ >= 0	0.002893
		i < $	0.002366
		$ != 0	0.001581
		$ < m	0.000881
		$ > 0	0.000729
		i <= $	0.000525
		$ < npt	0.000402
		$ < n	0.000258
13717	k	i < $.length	0.950108
		j < $	0.004610
		$ >= 0	0.002893
		i < $	0.002366
		$ != 0	0.001581
		$ < m	0.000881
		$ > 0	0.000729
		i <= $	0.000525
		$ < npt	0.000402
		$ < n	0.000258
13718	k	i < $.length	0.950108
		j < $	0.004610
		$ >= 0	0.002893
		i < $	0.002366
		$ != 0	0.001581
		$ < m	0.000881
		$ > 0	0.000729
		i <= $	0.000525
		$ < npt	0.000402
		$ < n	0.000258
14150	k	i < $	0.359510
		k < $	0.312960
		j < $	0.233930
		row < $	0.002495
		$ > 0	0.001850
		i <= $	0.001297
		$ >= 0	0.001160
		$ < m	0.000637
		$ < solvedCols	0.000617
		$ < n	0.000504
13444	k	i < $	0.359510
		k < $	0.312960
		j < $	0.233930
		row < $	0.002495
		$ > 0	0.001850
		i <= $	0.001297
		$ >= 0	0.001160
		$ < m	0.000637
		$ < solvedCols	0.000617
		$ < n	0.000504
14624	k	$ <= 0	0.985878
		$ < 0	0.000622
		$ > 0	0.000354
		$ == null	0.000327
		$.length == 0	0.000250
		$ != null	0.000246
		$ == 0	0.000215
		$ < m	0.000161
		i < $	0.000108
		i < $.length	0.000100
14339	k	$ < n	0.315133
		i <= $	0.060952
		i < $	0.055969
		$ < m	0.039095
		j < $	0.031482
		$ >= 0	0.026230
		$ > 0	0.010214
		i < $.length	0.003243
		row < $	0.001423
		$ < 0	0.001361
3439	k	$	0.980312
		i < $.length	0.016012
		i < $	0.000066
		i <= $	0.000048
		j < $	0.000030
		$ != null	0.000029
		k < $	0.000021
		$ < n	0.000020
		$ == null	0.000019
		$ >= 0	0.000016
3440	k	$ > 0	0.384968
		i < $	0.082530
		$ >= 0	0.033043
		$ != 0	0.030727
		$ < 0	0.021845
		$ != null	0.011903
		$ < n	0.010955
		$ == 0	0.007028
		$ < m	0.006432
		$ <= 0	0.005255
14348	k	$	0.995530
		$ != null	0.000608
		i < $.length	0.000082
		$ == 0	0.000056
		i < $	0.000040
		$ < nRows	0.000038
		$ == null	0.000035
		$ != 0	0.000033
		$ >= 0	0.000032
		$ <= 0	0.000016
14354	k	i < $.length	0.807342
		$ == null	0.005694
		$.length == 0	0.003851
		$ > 0	0.002885
		j < $	0.002424
		i < $	0.001706
		k < $	0.001557
		$ != null	0.001497
		i <= $	0.001066
		$ < n	0.000624
3457	k	$	0.995530
		$ != null	0.000608
		i < $.length	0.000082
		$ == 0	0.000056
		i < $	0.000040
		$ < nRows	0.000038
		$ == null	0.000035
		$ != 0	0.000033
		$ >= 0	0.000032
		$ <= 0	0.000016
14093	k	i < $	0.672762
		j < $	0.156114
		k < $	0.041654
		$ < solvedCols	0.026247
		row < $	0.004739
		i <= $	0.002223
		$ >= 0	0.001318
		$ > 0	0.001011
		$ == 0	0.000599
		$ != 0	0.000460
14094	k	$	0.995011
		$ != null	0.000527
		$ == 0	0.000256
		$ != 0	0.000238
		$ > 0	0.000127
		i <= $	0.000107
		i < $.length	0.000055
		$ < 0	0.000043
		i < $	0.000040
		$.length == 0	0.000038
14104	k	$ < solvedCols	0.611483
		i <= $	0.111886
		i < $	0.030917
		$ < n	0.015822
		$ >= 0	0.014031
		$ < m	0.005591
		j < $	0.003607
		$ > 0	0.002833
		i < $.length	0.000991
		k < $	0.000969
14108	k	i < $	0.357685
		j < $	0.286384
		k < $	0.271393
		$ < solvedCols	0.018278
		$ >= 0	0.003378
		row < $	0.002105
		i <= $	0.000916
		$ > 0	0.000894
		$ == 0	0.000349
		$ < n	0.000269
14109	k	$ < solvedCols	0.500323
		$ >= 0	0.075895
		$ < n	0.046959
		i < $	0.015613
		$ > 0	0.011712
		$ < m	0.009160
		j < $	0.009141
		$ < nRows	0.004958
		i <= $	0.004473
		$ < data.length	0.003294
14126	k	$ != 0	0.539512
		$ < 0	0.174182
		$ == 0	0.067550
		$ > 0	0.030320
		$ <= 0	0.014092
		$ != null	0.009692
		$ >= 0	0.004364
		$ < solvedCols	0.002795
		i < $.length	0.002155
		$ == null	0.001627
14132	k	i < $	0.683574
		$ < solvedCols	0.141873
		j < $	0.058210
		k < $	0.025152
		$ >= 0	0.005130
		row < $	0.001867
		$ > 0	0.001704
		i <= $	0.001239
		$ == 0	0.000766
		$ < n	0.000369
14134	k	j < $	0.481458
		i < $	0.408302
		k < $	0.030348
		$ > 0	0.002408
		$ < solvedCols	0.001282
		$ != 0	0.001187
		row < $	0.000774
		$ < n	0.000609
		i <= $	0.000389
		$ >= 0	0.000375
14140	k	j < $	0.481458
		i < $	0.408302
		k < $	0.030348
		$ > 0	0.002408
		$ < solvedCols	0.001282
		$ != 0	0.001187
		row < $	0.000774
		$ < n	0.000609
		i <= $	0.000389
		$ >= 0	0.000375
13375	k	i < $	0.672762
		j < $	0.156114
		k < $	0.041654
		$ < solvedCols	0.026247
		row < $	0.004739
		i <= $	0.002223
		$ >= 0	0.001318
		$ > 0	0.001011
		$ == 0	0.000599
		$ != 0	0.000460
13376	k	$	0.995011
		$ != null	0.000527
		$ == 0	0.000256
		$ != 0	0.000238
		$ > 0	0.000127
		i <= $	0.000107
		i < $.length	0.000055
		$ < 0	0.000043
		i < $	0.000040
		$.length == 0	0.000038
13386	k	$ < solvedCols	0.611483
		i <= $	0.111886
		i < $	0.030917
		$ < n	0.015822
		$ >= 0	0.014031
		$ < m	0.005591
		j < $	0.003607
		$ > 0	0.002833
		i < $.length	0.000991
		k < $	0.000969
13390	k	i < $	0.357685
		j < $	0.286384
		k < $	0.271393
		$ < solvedCols	0.018278
		$ >= 0	0.003378
		row < $	0.002105
		i <= $	0.000916
		$ > 0	0.000894
		$ == 0	0.000349
		$ < n	0.000269
13391	k	$ < solvedCols	0.500323
		$ >= 0	0.075895
		$ < n	0.046959
		i < $	0.015613
		$ > 0	0.011712
		$ < m	0.009160
		j < $	0.009141
		$ < nRows	0.004958
		i <= $	0.004473
		$ < data.length	0.003294
13408	k	$ != 0	0.539512
		$ < 0	0.174182
		$ == 0	0.067550
		$ > 0	0.030320
		$ <= 0	0.014092
		$ != null	0.009692
		$ >= 0	0.004364
		$ < solvedCols	0.002795
		i < $.length	0.002155
		$ == null	0.001627
13414	k	i < $	0.683574
		$ < solvedCols	0.141873
		j < $	0.058210
		k < $	0.025152
		$ >= 0	0.005130
		row < $	0.001867
		$ > 0	0.001704
		i <= $	0.001239
		$ == 0	0.000766
		$ < n	0.000369
13416	k	j < $	0.481458
		i < $	0.408302
		k < $	0.030348
		$ > 0	0.002408
		$ < solvedCols	0.001282
		$ != 0	0.001187
		row < $	0.000774
		$ < n	0.000609
		i <= $	0.000389
		$ >= 0	0.000375
13422	k	j < $	0.481458
		i < $	0.408302
		k < $	0.030348
		$ > 0	0.002408
		$ < solvedCols	0.001282
		$ != 0	0.001187
		row < $	0.000774
		$ < n	0.000609
		i <= $	0.000389
		$ >= 0	0.000375
14179	k	$ == null	0.847449
		$ != 0	0.041689
		$ > 0	0.014052
		$ <= 0	0.009867
		$ == 0	0.007324
		$ < 0	0.007095
		i < $.length	0.005738
		i < $	0.004769
		k < $	0.001349
		j < $	0.001338
14180	k	$ != 0	0.256034
		i < $	0.071677
		j < $	0.049280
		$ < m	0.034162
		$ > 0	0.013542
		$ < n	0.012209
		$ < npt	0.008455
		i <= $	0.007935
		$ <= 0	0.007340
		$ >= 0	0.006282
12492	k	$ < n	0.146728
		j < $	0.104000
		i < $	0.082548
		i <= $	0.042701
		$ > 0	0.026000
		$ >= 0	0.024097
		$ < m	0.009985
		row < $	0.005254
		$ != 0	0.002583
		$ < solvedCols	0.002506
12494	k	$ < n	0.146728
		j < $	0.104000
		i < $	0.082548
		i <= $	0.042701
		$ > 0	0.026000
		$ >= 0	0.024097
		$ < m	0.009985
		row < $	0.005254
		$ != 0	0.002583
		$ < solvedCols	0.002506
12496	k	$ < n	0.146728
		j < $	0.104000
		i < $	0.082548
		i <= $	0.042701
		$ > 0	0.026000
		$ >= 0	0.024097
		$ < m	0.009985
		row < $	0.005254
		$ != 0	0.002583
		$ < solvedCols	0.002506
12498	k	$ < n	0.146728
		j < $	0.104000
		i < $	0.082548
		i <= $	0.042701
		$ > 0	0.026000
		$ >= 0	0.024097
		$ < m	0.009985
		row < $	0.005254
		$ != 0	0.002583
		$ < solvedCols	0.002506
12500	k	$ < n	0.146728
		j < $	0.104000
		i < $	0.082548
		i <= $	0.042701
		$ > 0	0.026000
		$ >= 0	0.024097
		$ < m	0.009985
		row < $	0.005254
		$ != 0	0.002583
		$ < solvedCols	0.002506
12501	k	$ < n	0.146728
		j < $	0.104000
		i < $	0.082548
		i <= $	0.042701
		$ > 0	0.026000
		$ >= 0	0.024097
		$ < m	0.009985
		row < $	0.005254
		$ != 0	0.002583
		$ < solvedCols	0.002506
13658	k	$ < data.length	0.234480
		$ < m	0.099262
		$ < n	0.058519
		i < $	0.022530
		j < $	0.021184
		$ >= 0	0.017064
		$ > 0	0.016984
		row < $	0.009223
		k < $	0.004818
		$ < solvedCols	0.004661
14752	k	$ < n	0.434712
		$ >= 0	0.076123
		j < $	0.044296
		$ > 0	0.028948
		i < $	0.020216
		$ < data.length	0.019894
		k < $	0.016346
		$ < m	0.012410
		i <= $	0.009273
		$ < nRows	0.007425
3182	k	$	0.996162
		$ != null	0.000079
		i < $.length	0.000054
		$ == null	0.000048
		i < $	0.000040
		$.length == 0	0.000035
		$ != 0	0.000025
		$ < 0	0.000017
		k < $	0.000016
		$ >= 0	0.000015
14193	k	$ < n	0.339593
		i < $	0.040124
		$ < m	0.037541
		$ < data.length	0.036210
		$ > 0	0.030282
		$ >= 0	0.016958
		i <= $	0.013015
		j < $	0.010117
		$ < 0	0.004309
		k < $	0.004165
3184	k	i < $	0.342067
		i <= $	0.034143
		j < $	0.033453
		$ >= 0	0.020559
		$ < n	0.012929
		$ > 0	0.012024
		$ < m	0.011358
		$ < npt	0.005849
		k < $	0.004283
		$ != 0	0.003999
14194	k	$ < n	0.339291
		i < $	0.040088
		$ < data.length	0.038375
		$ < m	0.037507
		$ > 0	0.028669
		$ >= 0	0.016943
		i <= $	0.013003
		j < $	0.010108
		$ < 0	0.004483
		k < $	0.004161
874	k	i < $	0.511329
		j < $	0.067048
		k < $	0.059526
		i <= $	0.034695
		$ < n	0.017764
		$ == 0	0.012013
		$ >= 0	0.010072
		row < $	0.009797
		$ < m	0.009264
		$ < 0	0.005961
876	k	$ < 0	0.865991
		$ > 0	0.017098
		$ <= 0	0.011857
		$ == 0	0.011350
		$ >= 0	0.007956
		i < $	0.006123
		i <= $	0.001319
		$.length == 0	0.000994
		$ == null	0.000927
		$ < n	0.000884
14631	k	$ >= 0	0.139996
		$ == 0	0.121242
		$ < 0	0.065542
		$ <= 0	0.064578
		i <= $	0.060287
		$ != null	0.010653
		$ == null	0.009231
		$ > 0	0.009213
		i < $.length	0.009028
		$.length == 0	0.007775
4037	k	$ >= 0	0.446138
		i < $	0.064876
		i <= $	0.039058
		$ < n	0.024987
		j < $	0.022881
		$ < m	0.012246
		$ < npt	0.006146
		k < $	0.004735
		$ > 0	0.002802
		$ <= 0	0.001884
14628	k	i < $.length	0.957461
		i <= $	0.015554
		$ >= 0	0.001200
		$ == null	0.000771
		$.length == 0	0.000421
		$ < n	0.000260
		i < $	0.000231
		$ != null	0.000188
		$ <= 0	0.000170
		k < $	0.000143
13235	k	$ < m	0.562989
		$ < n	0.318584
		$ >= 0	0.014918
		$ < data.length	0.008182
		j < $	0.006785
		i < $	0.003137
		i <= $	0.003027
		$ > 0	0.002870
		k < $	0.002700
		$ < solvedCols	0.000690
13242	k	$ < m	0.562989
		$ < n	0.318584
		$ >= 0	0.014918
		$ < data.length	0.008182
		j < $	0.006785
		i < $	0.003137
		i <= $	0.003027
		$ > 0	0.002870
		k < $	0.002700
		$ < solvedCols	0.000690
13248	k	$ > 0	0.248807
		k < $	0.180127
		i < $	0.063414
		$ < n	0.033428
		j < $	0.026144
		$ >= 0	0.015298
		i <= $	0.014074
		$ != 0	0.008842
		$ == 0	0.005422
		$ < 0	0.005024
3946	k	$ < 0	0.116608
		$ >= 0	0.091562
		i < $	0.053158
		$ < n	0.043458
		$ <= 0	0.032268
		$ == 0	0.025097
		i <= $	0.023353
		$ < m	0.019540
		$ == null	0.016294
		$ > 0	0.010360
12532	k	$ <= 0	0.508890
		$ < 0	0.202975
		$ == 0	0.079424
		i < $	0.017096
		$ >= 0	0.014321
		$.length == 0	0.011202
		$ > 0	0.009353
		$ == null	0.004437
		k < $	0.004135
		$ != 0	0.003231
3132	n	$ > 0	0.803183
		$ < nRows	0.024006
		$ < 0	0.010754
		$ != 0	0.009939
		$ < n	0.006417
		$ == 0	0.004694
		$ < data.length	0.002635
		$ >= 0	0.002403
		i < $	0.002398
		$ != null	0.001402
13888	n	$ < nRows	0.206927
		$ < n	0.133687
		$ < data.length	0.033072
		j < $	0.018124
		i < $	0.012266
		$ >= 0	0.006877
		i <= $	0.004806
		$ > 0	0.004512
		$ < 0	0.002980
		$ == 0	0.002079
13457	n	$ < nRows	0.206927
		$ < n	0.133687
		$ < data.length	0.033072
		j < $	0.018124
		i < $	0.012266
		$ >= 0	0.006877
		i <= $	0.004806
		$ > 0	0.004512
		$ < 0	0.002980
		$ == 0	0.002079
2386	n	$ != null	0.048717
		$ != 0	0.041666
		$ > 0	0.034061
		$ == 0	0.024760
		$ < 0	0.022648
		$.length == 0	0.012901
		$ == null	0.009256
		i < $	0.008978
		$ <= 0	0.008013
		$ >= 0	0.007288
2387	n	$ == 0	0.443641
		$ > 0	0.083395
		i < $	0.078719
		$ < 0	0.069396
		$ != 0	0.027528
		j < $	0.012259
		$ < n	0.007781
		row < $	0.006973
		$ >= 0	0.006211
		$ == null	0.003891
12331	n	$ == 0	0.545799
		$ < 0	0.049831
		i <= $	0.041271
		i < $	0.014042
		$ < npt	0.011683
		$ > 0	0.010559
		$ >= 0	0.007577
		$.length == 0	0.007229
		$ <= 0	0.005456
		$ < n	0.004977
26	n	i <= $	0.444965
		i < $	0.043467
		$ < npt	0.018074
		$ < n	0.010748
		j < $	0.010160
		$ >= 0	0.006980
		$ > 0	0.003347
		$ < nRows	0.002531
		$ == 0	0.001765
		$ < 0	0.001539
28	n	$ < 0	0.913486
		$ <= 0	0.011967
		$ == 0	0.008770
		i < $	0.004118
		j < $	0.002544
		i <= $	0.002244
		$ > 0	0.001353
		$ < n	0.001167
		$ < nRows	0.001153
		row < $	0.000681
30	n	$ < 0	0.913213
		$ <= 0	0.011963
		$ == 0	0.008767
		i < $	0.004116
		i <= $	0.002634
		j < $	0.002543
		$ > 0	0.001352
		$ < nRows	0.001152
		$ < n	0.001074
		row < $	0.000681
12333	n	$ < 0	0.912269
		$ <= 0	0.011951
		$ == 0	0.008758
		i < $	0.004112
		i <= $	0.003665
		j < $	0.002541
		$ > 0	0.001351
		$ < nRows	0.001151
		$ < n	0.001073
		row < $	0.000680
93	n	$ < 0	0.891373
		$ == 0	0.050439
		$ > 0	0.006052
		$ != 0	0.002762
		i < $	0.002035
		$ < n	0.001091
		i < $.length	0.000768
		$ >= 0	0.000519
		$ == null	0.000480
		$.length == 0	0.000357
94	n	$ < 0	0.262387
		$ == 0	0.114801
		$ <= 0	0.055397
		i < $	0.036912
		j < $	0.030231
		i <= $	0.022622
		row < $	0.009915
		$.length == 0	0.008366
		$ == null	0.005827
		$ > 0	0.005519
13333	n	$ < n	0.754877
		$ < m	0.042504
		i <= $	0.038313
		i < $	0.024694
		j < $	0.001566
		$ > 0	0.000724
		$ < data.length	0.000606
		$ != 0	0.000449
		$ < 0	0.000441
		$ == 0	0.000289
13335	n	$ < n	0.754877
		$ < m	0.042504
		i <= $	0.038313
		i < $	0.024694
		j < $	0.001566
		$ > 0	0.000724
		$ < data.length	0.000606
		$ != 0	0.000449
		$ < 0	0.000441
		$ == 0	0.000289
1800	n	j < $	0.612596
		i < $	0.260988
		i <= $	0.012449
		$ < n	0.005296
		$ < m	0.005136
		k < $	0.001870
		$ < data.length	0.000446
		$ != 0	0.000425
		$ > 0	0.000410
		row < $	0.000336
12707	n	$ < n	0.791209
		$ < m	0.044627
		i <= $	0.030221
		i < $	0.023280
		j < $	0.001372
		$ > 0	0.000574
		$ < data.length	0.000415
		$ != 0	0.000355
		$ < 0	0.000350
		$ == 0	0.000229
12709	n	$ < n	0.791209
		$ < m	0.044627
		i <= $	0.030221
		i < $	0.023280
		j < $	0.001372
		$ > 0	0.000574
		$ < data.length	0.000415
		$ != 0	0.000355
		$ < 0	0.000350
		$ == 0	0.000229
1380	n	j < $	0.614058
		i < $	0.274100
		i <= $	0.010842
		$ < m	0.005928
		$ < n	0.004969
		k < $	0.001628
		$ != 0	0.000370
		$ > 0	0.000357
		$ < data.length	0.000336
		row < $	0.000292
13939	n	$ < n	0.782541
		i <= $	0.128625
		i < $	0.017905
		$ < npt	0.002255
		j < $	0.001216
		$ >= 0	0.001019
		$ > 0	0.000410
		$ == 0	0.000213
		$ < solvedCols	0.000209
		$ < 0	0.000199
13940	n	$ < n	0.879772
		$ < npt	0.015185
		i <= $	0.004461
		i < $	0.003352
		j < $	0.002240
		$ >= 0	0.001691
		$ < data.length	0.001227
		$ > 0	0.000922
		$ < nRows	0.000529
		$ == 0	0.000374
13941	n	$ < n	0.759914
		i <= $	0.143038
		i < $	0.020553
		$ < npt	0.002718
		$ >= 0	0.001440
		j < $	0.001315
		$ > 0	0.000451
		$ == 0	0.000228
		$ < solvedCols	0.000223
		$ < 0	0.000213
13944	n	$ < n	0.759914
		i <= $	0.143038
		i < $	0.020553
		$ < npt	0.002718
		$ >= 0	0.001440
		j < $	0.001315
		$ > 0	0.000451
		$ == 0	0.000228
		$ < solvedCols	0.000223
		$ < 0	0.000213
13945	n	$ < n	0.879772
		$ < npt	0.015185
		i <= $	0.004461
		i < $	0.003352
		j < $	0.002240
		$ >= 0	0.001691
		$ < data.length	0.001227
		$ > 0	0.000922
		$ < nRows	0.000529
		$ == 0	0.000374
13946	n	$ < n	0.759914
		i <= $	0.143038
		i < $	0.020553
		$ < npt	0.002718
		$ >= 0	0.001440
		j < $	0.001315
		$ > 0	0.000451
		$ == 0	0.000228
		$ < solvedCols	0.000223
		$ < 0	0.000213
13949	n	$ < n	0.879772
		$ < npt	0.015185
		i <= $	0.004461
		i < $	0.003352
		j < $	0.002240
		$ >= 0	0.001691
		$ < data.length	0.001227
		$ > 0	0.000922
		$ < nRows	0.000529
		$ == 0	0.000374
13950	n	$ < n	0.879772
		$ < npt	0.015185
		i <= $	0.004461
		i < $	0.003352
		j < $	0.002240
		$ >= 0	0.001691
		$ < data.length	0.001227
		$ > 0	0.000922
		$ < nRows	0.000529
		$ == 0	0.000374
13954	n	$ < n	0.759914
		i <= $	0.143038
		i < $	0.020553
		$ < npt	0.002718
		$ >= 0	0.001440
		j < $	0.001315
		$ > 0	0.000451
		$ == 0	0.000228
		$ < solvedCols	0.000223
		$ < 0	0.000213
13957	n	$ < n	0.879772
		$ < npt	0.015185
		i <= $	0.004461
		i < $	0.003352
		j < $	0.002240
		$ >= 0	0.001691
		$ < data.length	0.001227
		$ > 0	0.000922
		$ < nRows	0.000529
		$ == 0	0.000374
13959	n	$ < n	0.759914
		i <= $	0.143038
		i < $	0.020553
		$ < npt	0.002718
		$ >= 0	0.001440
		j < $	0.001315
		$ > 0	0.000451
		$ == 0	0.000228
		$ < solvedCols	0.000223
		$ < 0	0.000213
13962	n	$ < n	0.879772
		$ < npt	0.015185
		i <= $	0.004461
		i < $	0.003352
		j < $	0.002240
		$ >= 0	0.001691
		$ < data.length	0.001227
		$ > 0	0.000922
		$ < nRows	0.000529
		$ == 0	0.000374
13963	n	$ < n	0.879772
		$ < npt	0.015185
		i <= $	0.004461
		i < $	0.003352
		j < $	0.002240
		$ >= 0	0.001691
		$ < data.length	0.001227
		$ > 0	0.000922
		$ < nRows	0.000529
		$ == 0	0.000374
13965	n	$ < n	0.759914
		i <= $	0.143038
		i < $	0.020553
		$ < npt	0.002718
		$ >= 0	0.001440
		j < $	0.001315
		$ > 0	0.000451
		$ == 0	0.000228
		$ < solvedCols	0.000223
		$ < 0	0.000213
13969	n	$ < n	0.759914
		i <= $	0.143038
		i < $	0.020553
		$ < npt	0.002718
		$ >= 0	0.001440
		j < $	0.001315
		$ > 0	0.000451
		$ == 0	0.000228
		$ < solvedCols	0.000223
		$ < 0	0.000213
13971	n	$ < n	0.879772
		$ < npt	0.015185
		i <= $	0.004461
		i < $	0.003352
		j < $	0.002240
		$ >= 0	0.001691
		$ < data.length	0.001227
		$ > 0	0.000922
		$ < nRows	0.000529
		$ == 0	0.000374
13972	n	$ < n	0.879772
		$ < npt	0.015185
		i <= $	0.004461
		i < $	0.003352
		j < $	0.002240
		$ >= 0	0.001691
		$ < data.length	0.001227
		$ > 0	0.000922
		$ < nRows	0.000529
		$ == 0	0.000374
13975	n	$ < n	0.759914
		i <= $	0.143038
		i < $	0.020553
		$ < npt	0.002718
		$ >= 0	0.001440
		j < $	0.001315
		$ > 0	0.000451
		$ == 0	0.000228
		$ < solvedCols	0.000223
		$ < 0	0.000213
13976	n	$ < n	0.879772
		$ < npt	0.015185
		i <= $	0.004461
		i < $	0.003352
		j < $	0.002240
		$ >= 0	0.001691
		$ < data.length	0.001227
		$ > 0	0.000922
		$ < nRows	0.000529
		$ == 0	0.000374
13977	n	$ < n	0.759914
		i <= $	0.143038
		i < $	0.020553
		$ < npt	0.002718
		$ >= 0	0.001440
		j < $	0.001315
		$ > 0	0.000451
		$ == 0	0.000228
		$ < solvedCols	0.000223
		$ < 0	0.000213
13982	n	$ < n	0.759914
		i <= $	0.143038
		i < $	0.020553
		$ < npt	0.002718
		$ >= 0	0.001440
		j < $	0.001315
		$ > 0	0.000451
		$ == 0	0.000228
		$ < solvedCols	0.000223
		$ < 0	0.000213
13983	n	$ < n	0.879772
		$ < npt	0.015185
		i <= $	0.004461
		i < $	0.003352
		j < $	0.002240
		$ >= 0	0.001691
		$ < data.length	0.001227
		$ > 0	0.000922
		$ < nRows	0.000529
		$ == 0	0.000374
13987	n	$ < n	0.879772
		$ < npt	0.015185
		i <= $	0.004461
		i < $	0.003352
		j < $	0.002240
		$ >= 0	0.001691
		$ < data.length	0.001227
		$ > 0	0.000922
		$ < nRows	0.000529
		$ == 0	0.000374
13990	n	$ < n	0.759914
		i <= $	0.143038
		i < $	0.020553
		$ < npt	0.002718
		$ >= 0	0.001440
		j < $	0.001315
		$ > 0	0.000451
		$ == 0	0.000228
		$ < solvedCols	0.000223
		$ < 0	0.000213
13991	n	$ < n	0.879772
		$ < npt	0.015185
		i <= $	0.004461
		i < $	0.003352
		j < $	0.002240
		$ >= 0	0.001691
		$ < data.length	0.001227
		$ > 0	0.000922
		$ < nRows	0.000529
		$ == 0	0.000374
13992	n	$ < n	0.879772
		$ < npt	0.015185
		i <= $	0.004461
		i < $	0.003352
		j < $	0.002240
		$ >= 0	0.001691
		$ < data.length	0.001227
		$ > 0	0.000922
		$ < nRows	0.000529
		$ == 0	0.000374
13993	n	$ < n	0.759914
		i <= $	0.143038
		i < $	0.020553
		$ < npt	0.002718
		$ >= 0	0.001440
		j < $	0.001315
		$ > 0	0.000451
		$ == 0	0.000228
		$ < solvedCols	0.000223
		$ < 0	0.000213
13996	n	$ < n	0.759914
		i <= $	0.143038
		i < $	0.020553
		$ < npt	0.002718
		$ >= 0	0.001440
		j < $	0.001315
		$ > 0	0.000451
		$ == 0	0.000228
		$ < solvedCols	0.000223
		$ < 0	0.000213
13997	n	$ < n	0.879772
		$ < npt	0.015185
		i <= $	0.004461
		i < $	0.003352
		j < $	0.002240
		$ >= 0	0.001691
		$ < data.length	0.001227
		$ > 0	0.000922
		$ < nRows	0.000529
		$ == 0	0.000374
14003	n	$ < n	0.759914
		i <= $	0.143038
		i < $	0.020553
		$ < npt	0.002718
		$ >= 0	0.001440
		j < $	0.001315
		$ > 0	0.000451
		$ == 0	0.000228
		$ < solvedCols	0.000223
		$ < 0	0.000213
14004	n	$ < n	0.879772
		$ < npt	0.015185
		i <= $	0.004461
		i < $	0.003352
		j < $	0.002240
		$ >= 0	0.001691
		$ < data.length	0.001227
		$ > 0	0.000922
		$ < nRows	0.000529
		$ == 0	0.000374
2899	n	$ < n	0.315955
		$ < npt	0.146052
		$ > 0	0.132273
		$ < 0	0.042449
		$ == 0	0.030111
		$ >= 0	0.029601
		i < $	0.014102
		i <= $	0.007370
		$ != 0	0.004798
		$ < data.length	0.003659
14008	n	$ < n	0.759914
		i <= $	0.143038
		i < $	0.020553
		$ < npt	0.002718
		$ >= 0	0.001440
		j < $	0.001315
		$ > 0	0.000451
		$ == 0	0.000228
		$ < solvedCols	0.000223
		$ < 0	0.000213
14009	n	$ < n	0.879772
		$ < npt	0.015185
		i <= $	0.004461
		i < $	0.003352
		j < $	0.002240
		$ >= 0	0.001691
		$ < data.length	0.001227
		$ > 0	0.000922
		$ < nRows	0.000529
		$ == 0	0.000374
14013	n	$ < n	0.918230
		$ < npt	0.005541
		i < $	0.002477
		$ < data.length	0.001810
		j < $	0.001491
		$ > 0	0.001112
		$ >= 0	0.000907
		i <= $	0.000483
		$ < nRows	0.000393
		$ == 0	0.000348
14015	n	$ < n	0.913030
		i < $	0.014453
		i <= $	0.009255
		$ < npt	0.001986
		j < $	0.000981
		$ >= 0	0.000819
		$ > 0	0.000515
		$ == 0	0.000238
		$ < 0	0.000209
		$ < solvedCols	0.000186
14016	n	$ < n	0.918230
		$ < npt	0.005541
		i < $	0.002477
		$ < data.length	0.001810
		j < $	0.001491
		$ > 0	0.001112
		$ >= 0	0.000907
		i <= $	0.000483
		$ < nRows	0.000393
		$ == 0	0.000348
14018	n	$ < n	0.918230
		$ < npt	0.005541
		i < $	0.002477
		$ < data.length	0.001810
		j < $	0.001491
		$ > 0	0.001112
		$ >= 0	0.000907
		i <= $	0.000483
		$ < nRows	0.000393
		$ == 0	0.000348
14019	n	$ < n	0.918230
		$ < npt	0.005541
		i < $	0.002477
		$ < data.length	0.001810
		j < $	0.001491
		$ > 0	0.001112
		$ >= 0	0.000907
		i <= $	0.000483
		$ < nRows	0.000393
		$ == 0	0.000348
14020	n	$ < n	0.918230
		$ < npt	0.005541
		i < $	0.002477
		$ < data.length	0.001810
		j < $	0.001491
		$ > 0	0.001112
		$ >= 0	0.000907
		i <= $	0.000483
		$ < nRows	0.000393
		$ == 0	0.000348
14021	n	$ < n	0.918230
		$ < npt	0.005541
		i < $	0.002477
		$ < data.length	0.001810
		j < $	0.001491
		$ > 0	0.001112
		$ >= 0	0.000907
		i <= $	0.000483
		$ < nRows	0.000393
		$ == 0	0.000348
14022	n	$ < n	0.918230
		$ < npt	0.005541
		i < $	0.002477
		$ < data.length	0.001810
		j < $	0.001491
		$ > 0	0.001112
		$ >= 0	0.000907
		i <= $	0.000483
		$ < nRows	0.000393
		$ == 0	0.000348
14023	n	$ < n	0.918230
		$ < npt	0.005541
		i < $	0.002477
		$ < data.length	0.001810
		j < $	0.001491
		$ > 0	0.001112
		$ >= 0	0.000907
		i <= $	0.000483
		$ < nRows	0.000393
		$ == 0	0.000348
14025	n	$ < n	0.913030
		i < $	0.014453
		i <= $	0.009255
		$ < npt	0.001986
		j < $	0.000981
		$ >= 0	0.000819
		$ > 0	0.000515
		$ == 0	0.000238
		$ < 0	0.000209
		$ < solvedCols	0.000186
14026	n	$ < n	0.918230
		$ < npt	0.005541
		i < $	0.002477
		$ < data.length	0.001810
		j < $	0.001491
		$ > 0	0.001112
		$ >= 0	0.000907
		i <= $	0.000483
		$ < nRows	0.000393
		$ == 0	0.000348
14027	n	$ < n	0.918230
		$ < npt	0.005541
		i < $	0.002477
		$ < data.length	0.001810
		j < $	0.001491
		$ > 0	0.001112
		$ >= 0	0.000907
		i <= $	0.000483
		$ < nRows	0.000393
		$ == 0	0.000348
14028	n	$ < n	0.918230
		$ < npt	0.005541
		i < $	0.002477
		$ < data.length	0.001810
		j < $	0.001491
		$ > 0	0.001112
		$ >= 0	0.000907
		i <= $	0.000483
		$ < nRows	0.000393
		$ == 0	0.000348
14029	n	$ < n	0.885467
		i < $	0.021371
		i <= $	0.018515
		$ < m	0.002056
		j < $	0.001035
		$ < npt	0.000938
		$ > 0	0.000528
		$ >= 0	0.000455
		$ < 0	0.000383
		$ != 0	0.000268
14036	n	$ < n	0.885467
		i < $	0.021371
		i <= $	0.018515
		$ < m	0.002056
		j < $	0.001035
		$ < npt	0.000938
		$ > 0	0.000528
		$ >= 0	0.000455
		$ < 0	0.000383
		$ != 0	0.000268
14037	n	$ < n	0.891162
		$ < npt	0.009086
		$ >= 0	0.004631
		i <= $	0.003792
		$ < m	0.003590
		i < $	0.003046
		$ < data.length	0.001023
		j < $	0.000837
		$ > 0	0.000320
		$ < 0	0.000305
14038	n	$ < n	0.891162
		$ < npt	0.009086
		$ >= 0	0.004631
		i <= $	0.003792
		$ < m	0.003590
		i < $	0.003046
		$ < data.length	0.001023
		j < $	0.000837
		$ > 0	0.000320
		$ < 0	0.000305
14039	n	$ < n	0.891162
		$ < npt	0.009086
		$ >= 0	0.004631
		i <= $	0.003792
		$ < m	0.003590
		i < $	0.003046
		$ < data.length	0.001023
		j < $	0.000837
		$ > 0	0.000320
		$ < 0	0.000305
14040	n	$ < n	0.891162
		$ < npt	0.009086
		$ >= 0	0.004631
		i <= $	0.003792
		$ < m	0.003590
		i < $	0.003046
		$ < data.length	0.001023
		j < $	0.000837
		$ > 0	0.000320
		$ < 0	0.000305
14041	n	$ < n	0.891162
		$ < npt	0.009086
		$ >= 0	0.004631
		i <= $	0.003792
		$ < m	0.003590
		i < $	0.003046
		$ < data.length	0.001023
		j < $	0.000837
		$ > 0	0.000320
		$ < 0	0.000305
14042	n	$ < n	0.891162
		$ < npt	0.009086
		$ >= 0	0.004631
		i <= $	0.003792
		$ < m	0.003590
		i < $	0.003046
		$ < data.length	0.001023
		j < $	0.000837
		$ > 0	0.000320
		$ < 0	0.000305
14043	n	$ < n	0.891162
		$ < npt	0.009086
		$ >= 0	0.004631
		i <= $	0.003792
		$ < m	0.003590
		i < $	0.003046
		$ < data.length	0.001023
		j < $	0.000837
		$ > 0	0.000320
		$ < 0	0.000305
14044	n	$ < n	0.891162
		$ < npt	0.009086
		$ >= 0	0.004631
		i <= $	0.003792
		$ < m	0.003590
		i < $	0.003046
		$ < data.length	0.001023
		j < $	0.000837
		$ > 0	0.000320
		$ < 0	0.000305
14045	n	$ < n	0.891162
		$ < npt	0.009086
		$ >= 0	0.004631
		i <= $	0.003792
		$ < m	0.003590
		i < $	0.003046
		$ < data.length	0.001023
		j < $	0.000837
		$ > 0	0.000320
		$ < 0	0.000305
14047	n	$ < n	0.891162
		$ < npt	0.009086
		$ >= 0	0.004631
		i <= $	0.003792
		$ < m	0.003590
		i < $	0.003046
		$ < data.length	0.001023
		j < $	0.000837
		$ > 0	0.000320
		$ < 0	0.000305
14048	n	$ < n	0.891162
		$ < npt	0.009086
		$ >= 0	0.004631
		i <= $	0.003792
		$ < m	0.003590
		i < $	0.003046
		$ < data.length	0.001023
		j < $	0.000837
		$ > 0	0.000320
		$ < 0	0.000305
14049	n	$ < n	0.692245
		i <= $	0.136366
		i < $	0.055962
		$ >= 0	0.003218
		$ < npt	0.002712
		j < $	0.001044
		$ < m	0.000884
		$ < 0	0.000420
		k < $	0.000342
		$ > 0	0.000228
14052	n	$ < n	0.891162
		$ < npt	0.009086
		$ >= 0	0.004631
		i <= $	0.003792
		$ < m	0.003590
		i < $	0.003046
		$ < data.length	0.001023
		j < $	0.000837
		$ > 0	0.000320
		$ < 0	0.000305
14053	n	$ < n	0.891162
		$ < npt	0.009086
		$ >= 0	0.004631
		i <= $	0.003792
		$ < m	0.003590
		i < $	0.003046
		$ < data.length	0.001023
		j < $	0.000837
		$ > 0	0.000320
		$ < 0	0.000305
14060	n	$ < n	0.408488
		i <= $	0.251444
		$ < npt	0.070092
		i < $	0.062230
		$ >= 0	0.004945
		j < $	0.002899
		$ < m	0.001631
		$ < 0	0.000775
		k < $	0.000555
		$ > 0	0.000421
13509	n	$ < n	0.782541
		i <= $	0.128625
		i < $	0.017905
		$ < npt	0.002255
		j < $	0.001216
		$ >= 0	0.001019
		$ > 0	0.000410
		$ == 0	0.000213
		$ < solvedCols	0.000209
		$ < 0	0.000199
13510	n	$ < n	0.879772
		$ < npt	0.015185
		i <= $	0.004461
		i < $	0.003352
		j < $	0.002240
		$ >= 0	0.001691
		$ < data.length	0.001227
		$ > 0	0.000922
		$ < nRows	0.000529
		$ == 0	0.000374
13511	n	$ < n	0.759914
		i <= $	0.143038
		i < $	0.020553
		$ < npt	0.002718
		$ >= 0	0.001440
		j < $	0.001315
		$ > 0	0.000451
		$ == 0	0.000228
		$ < solvedCols	0.000223
		$ < 0	0.000213
13514	n	$ < n	0.759914
		i <= $	0.143038
		i < $	0.020553
		$ < npt	0.002718
		$ >= 0	0.001440
		j < $	0.001315
		$ > 0	0.000451
		$ == 0	0.000228
		$ < solvedCols	0.000223
		$ < 0	0.000213
13515	n	$ < n	0.879772
		$ < npt	0.015185
		i <= $	0.004461
		i < $	0.003352
		j < $	0.002240
		$ >= 0	0.001691
		$ < data.length	0.001227
		$ > 0	0.000922
		$ < nRows	0.000529
		$ == 0	0.000374
13516	n	$ < n	0.759914
		i <= $	0.143038
		i < $	0.020553
		$ < npt	0.002718
		$ >= 0	0.001440
		j < $	0.001315
		$ > 0	0.000451
		$ == 0	0.000228
		$ < solvedCols	0.000223
		$ < 0	0.000213
13519	n	$ < n	0.879772
		$ < npt	0.015185
		i <= $	0.004461
		i < $	0.003352
		j < $	0.002240
		$ >= 0	0.001691
		$ < data.length	0.001227
		$ > 0	0.000922
		$ < nRows	0.000529
		$ == 0	0.000374
13520	n	$ < n	0.879772
		$ < npt	0.015185
		i <= $	0.004461
		i < $	0.003352
		j < $	0.002240
		$ >= 0	0.001691
		$ < data.length	0.001227
		$ > 0	0.000922
		$ < nRows	0.000529
		$ == 0	0.000374
13524	n	$ < n	0.759914
		i <= $	0.143038
		i < $	0.020553
		$ < npt	0.002718
		$ >= 0	0.001440
		j < $	0.001315
		$ > 0	0.000451
		$ == 0	0.000228
		$ < solvedCols	0.000223
		$ < 0	0.000213
13527	n	$ < n	0.879772
		$ < npt	0.015185
		i <= $	0.004461
		i < $	0.003352
		j < $	0.002240
		$ >= 0	0.001691
		$ < data.length	0.001227
		$ > 0	0.000922
		$ < nRows	0.000529
		$ == 0	0.000374
13529	n	$ < n	0.759914
		i <= $	0.143038
		i < $	0.020553
		$ < npt	0.002718
		$ >= 0	0.001440
		j < $	0.001315
		$ > 0	0.000451
		$ == 0	0.000228
		$ < solvedCols	0.000223
		$ < 0	0.000213
13532	n	$ < n	0.879772
		$ < npt	0.015185
		i <= $	0.004461
		i < $	0.003352
		j < $	0.002240
		$ >= 0	0.001691
		$ < data.length	0.001227
		$ > 0	0.000922
		$ < nRows	0.000529
		$ == 0	0.000374
13533	n	$ < n	0.879772
		$ < npt	0.015185
		i <= $	0.004461
		i < $	0.003352
		j < $	0.002240
		$ >= 0	0.001691
		$ < data.length	0.001227
		$ > 0	0.000922
		$ < nRows	0.000529
		$ == 0	0.000374
13535	n	$ < n	0.759914
		i <= $	0.143038
		i < $	0.020553
		$ < npt	0.002718
		$ >= 0	0.001440
		j < $	0.001315
		$ > 0	0.000451
		$ == 0	0.000228
		$ < solvedCols	0.000223
		$ < 0	0.000213
13539	n	$ < n	0.759914
		i <= $	0.143038
		i < $	0.020553
		$ < npt	0.002718
		$ >= 0	0.001440
		j < $	0.001315
		$ > 0	0.000451
		$ == 0	0.000228
		$ < solvedCols	0.000223
		$ < 0	0.000213
13541	n	$ < n	0.879772
		$ < npt	0.015185
		i <= $	0.004461
		i < $	0.003352
		j < $	0.002240
		$ >= 0	0.001691
		$ < data.length	0.001227
		$ > 0	0.000922
		$ < nRows	0.000529
		$ == 0	0.000374
13542	n	$ < n	0.879772
		$ < npt	0.015185
		i <= $	0.004461
		i < $	0.003352
		j < $	0.002240
		$ >= 0	0.001691
		$ < data.length	0.001227
		$ > 0	0.000922
		$ < nRows	0.000529
		$ == 0	0.000374
13545	n	$ < n	0.759914
		i <= $	0.143038
		i < $	0.020553
		$ < npt	0.002718
		$ >= 0	0.001440
		j < $	0.001315
		$ > 0	0.000451
		$ == 0	0.000228
		$ < solvedCols	0.000223
		$ < 0	0.000213
13546	n	$ < n	0.879772
		$ < npt	0.015185
		i <= $	0.004461
		i < $	0.003352
		j < $	0.002240
		$ >= 0	0.001691
		$ < data.length	0.001227
		$ > 0	0.000922
		$ < nRows	0.000529
		$ == 0	0.000374
13547	n	$ < n	0.759914
		i <= $	0.143038
		i < $	0.020553
		$ < npt	0.002718
		$ >= 0	0.001440
		j < $	0.001315
		$ > 0	0.000451
		$ == 0	0.000228
		$ < solvedCols	0.000223
		$ < 0	0.000213
13552	n	$ < n	0.759914
		i <= $	0.143038
		i < $	0.020553
		$ < npt	0.002718
		$ >= 0	0.001440
		j < $	0.001315
		$ > 0	0.000451
		$ == 0	0.000228
		$ < solvedCols	0.000223
		$ < 0	0.000213
13553	n	$ < n	0.879772
		$ < npt	0.015185
		i <= $	0.004461
		i < $	0.003352
		j < $	0.002240
		$ >= 0	0.001691
		$ < data.length	0.001227
		$ > 0	0.000922
		$ < nRows	0.000529
		$ == 0	0.000374
13557	n	$ < n	0.879772
		$ < npt	0.015185
		i <= $	0.004461
		i < $	0.003352
		j < $	0.002240
		$ >= 0	0.001691
		$ < data.length	0.001227
		$ > 0	0.000922
		$ < nRows	0.000529
		$ == 0	0.000374
13560	n	$ < n	0.759914
		i <= $	0.143038
		i < $	0.020553
		$ < npt	0.002718
		$ >= 0	0.001440
		j < $	0.001315
		$ > 0	0.000451
		$ == 0	0.000228
		$ < solvedCols	0.000223
		$ < 0	0.000213
13561	n	$ < n	0.879772
		$ < npt	0.015185
		i <= $	0.004461
		i < $	0.003352
		j < $	0.002240
		$ >= 0	0.001691
		$ < data.length	0.001227
		$ > 0	0.000922
		$ < nRows	0.000529
		$ == 0	0.000374
13562	n	$ < n	0.879772
		$ < npt	0.015185
		i <= $	0.004461
		i < $	0.003352
		j < $	0.002240
		$ >= 0	0.001691
		$ < data.length	0.001227
		$ > 0	0.000922
		$ < nRows	0.000529
		$ == 0	0.000374
13563	n	$ < n	0.759914
		i <= $	0.143038
		i < $	0.020553
		$ < npt	0.002718
		$ >= 0	0.001440
		j < $	0.001315
		$ > 0	0.000451
		$ == 0	0.000228
		$ < solvedCols	0.000223
		$ < 0	0.000213
13566	n	$ < n	0.759914
		i <= $	0.143038
		i < $	0.020553
		$ < npt	0.002718
		$ >= 0	0.001440
		j < $	0.001315
		$ > 0	0.000451
		$ == 0	0.000228
		$ < solvedCols	0.000223
		$ < 0	0.000213
13567	n	$ < n	0.879772
		$ < npt	0.015185
		i <= $	0.004461
		i < $	0.003352
		j < $	0.002240
		$ >= 0	0.001691
		$ < data.length	0.001227
		$ > 0	0.000922
		$ < nRows	0.000529
		$ == 0	0.000374
13573	n	$ < n	0.759914
		i <= $	0.143038
		i < $	0.020553
		$ < npt	0.002718
		$ >= 0	0.001440
		j < $	0.001315
		$ > 0	0.000451
		$ == 0	0.000228
		$ < solvedCols	0.000223
		$ < 0	0.000213
13574	n	$ < n	0.879772
		$ < npt	0.015185
		i <= $	0.004461
		i < $	0.003352
		j < $	0.002240
		$ >= 0	0.001691
		$ < data.length	0.001227
		$ > 0	0.000922
		$ < nRows	0.000529
		$ == 0	0.000374
2071	n	$ < n	0.315955
		$ < npt	0.146052
		$ > 0	0.132273
		$ < 0	0.042449
		$ == 0	0.030111
		$ >= 0	0.029601
		i < $	0.014102
		i <= $	0.007370
		$ != 0	0.004798
		$ < data.length	0.003659
13578	n	$ < n	0.759914
		i <= $	0.143038
		i < $	0.020553
		$ < npt	0.002718
		$ >= 0	0.001440
		j < $	0.001315
		$ > 0	0.000451
		$ == 0	0.000228
		$ < solvedCols	0.000223
		$ < 0	0.000213
13579	n	$ < n	0.879772
		$ < npt	0.015185
		i <= $	0.004461
		i < $	0.003352
		j < $	0.002240
		$ >= 0	0.001691
		$ < data.length	0.001227
		$ > 0	0.000922
		$ < nRows	0.000529
		$ == 0	0.000374
13583	n	$ < n	0.918230
		$ < npt	0.005541
		i < $	0.002477
		$ < data.length	0.001810
		j < $	0.001491
		$ > 0	0.001112
		$ >= 0	0.000907
		i <= $	0.000483
		$ < nRows	0.000393
		$ == 0	0.000348
13585	n	$ < n	0.913030
		i < $	0.014453
		i <= $	0.009255
		$ < npt	0.001986
		j < $	0.000981
		$ >= 0	0.000819
		$ > 0	0.000515
		$ == 0	0.000238
		$ < 0	0.000209
		$ < solvedCols	0.000186
13586	n	$ < n	0.918230
		$ < npt	0.005541
		i < $	0.002477
		$ < data.length	0.001810
		j < $	0.001491
		$ > 0	0.001112
		$ >= 0	0.000907
		i <= $	0.000483
		$ < nRows	0.000393
		$ == 0	0.000348
13588	n	$ < n	0.918230
		$ < npt	0.005541
		i < $	0.002477
		$ < data.length	0.001810
		j < $	0.001491
		$ > 0	0.001112
		$ >= 0	0.000907
		i <= $	0.000483
		$ < nRows	0.000393
		$ == 0	0.000348
13589	n	$ < n	0.918230
		$ < npt	0.005541
		i < $	0.002477
		$ < data.length	0.001810
		j < $	0.001491
		$ > 0	0.001112
		$ >= 0	0.000907
		i <= $	0.000483
		$ < nRows	0.000393
		$ == 0	0.000348
13590	n	$ < n	0.918230
		$ < npt	0.005541
		i < $	0.002477
		$ < data.length	0.001810
		j < $	0.001491
		$ > 0	0.001112
		$ >= 0	0.000907
		i <= $	0.000483
		$ < nRows	0.000393
		$ == 0	0.000348
13591	n	$ < n	0.918230
		$ < npt	0.005541
		i < $	0.002477
		$ < data.length	0.001810
		j < $	0.001491
		$ > 0	0.001112
		$ >= 0	0.000907
		i <= $	0.000483
		$ < nRows	0.000393
		$ == 0	0.000348
13592	n	$ < n	0.918230
		$ < npt	0.005541
		i < $	0.002477
		$ < data.length	0.001810
		j < $	0.001491
		$ > 0	0.001112
		$ >= 0	0.000907
		i <= $	0.000483
		$ < nRows	0.000393
		$ == 0	0.000348
13593	n	$ < n	0.918230
		$ < npt	0.005541
		i < $	0.002477
		$ < data.length	0.001810
		j < $	0.001491
		$ > 0	0.001112
		$ >= 0	0.000907
		i <= $	0.000483
		$ < nRows	0.000393
		$ == 0	0.000348
13595	n	$ < n	0.913030
		i < $	0.014453
		i <= $	0.009255
		$ < npt	0.001986
		j < $	0.000981
		$ >= 0	0.000819
		$ > 0	0.000515
		$ == 0	0.000238
		$ < 0	0.000209
		$ < solvedCols	0.000186
13596	n	$ < n	0.918230
		$ < npt	0.005541
		i < $	0.002477
		$ < data.length	0.001810
		j < $	0.001491
		$ > 0	0.001112
		$ >= 0	0.000907
		i <= $	0.000483
		$ < nRows	0.000393
		$ == 0	0.000348
13597	n	$ < n	0.918230
		$ < npt	0.005541
		i < $	0.002477
		$ < data.length	0.001810
		j < $	0.001491
		$ > 0	0.001112
		$ >= 0	0.000907
		i <= $	0.000483
		$ < nRows	0.000393
		$ == 0	0.000348
13598	n	$ < n	0.918230
		$ < npt	0.005541
		i < $	0.002477
		$ < data.length	0.001810
		j < $	0.001491
		$ > 0	0.001112
		$ >= 0	0.000907
		i <= $	0.000483
		$ < nRows	0.000393
		$ == 0	0.000348
13599	n	$ < n	0.885467
		i < $	0.021371
		i <= $	0.018515
		$ < m	0.002056
		j < $	0.001035
		$ < npt	0.000938
		$ > 0	0.000528
		$ >= 0	0.000455
		$ < 0	0.000383
		$ != 0	0.000268
13606	n	$ < n	0.885467
		i < $	0.021371
		i <= $	0.018515
		$ < m	0.002056
		j < $	0.001035
		$ < npt	0.000938
		$ > 0	0.000528
		$ >= 0	0.000455
		$ < 0	0.000383
		$ != 0	0.000268
13607	n	$ < n	0.891162
		$ < npt	0.009086
		$ >= 0	0.004631
		i <= $	0.003792
		$ < m	0.003590
		i < $	0.003046
		$ < data.length	0.001023
		j < $	0.000837
		$ > 0	0.000320
		$ < 0	0.000305
13608	n	$ < n	0.891162
		$ < npt	0.009086
		$ >= 0	0.004631
		i <= $	0.003792
		$ < m	0.003590
		i < $	0.003046
		$ < data.length	0.001023
		j < $	0.000837
		$ > 0	0.000320
		$ < 0	0.000305
13609	n	$ < n	0.891162
		$ < npt	0.009086
		$ >= 0	0.004631
		i <= $	0.003792
		$ < m	0.003590
		i < $	0.003046
		$ < data.length	0.001023
		j < $	0.000837
		$ > 0	0.000320
		$ < 0	0.000305
13610	n	$ < n	0.891162
		$ < npt	0.009086
		$ >= 0	0.004631
		i <= $	0.003792
		$ < m	0.003590
		i < $	0.003046
		$ < data.length	0.001023
		j < $	0.000837
		$ > 0	0.000320
		$ < 0	0.000305
13611	n	$ < n	0.891162
		$ < npt	0.009086
		$ >= 0	0.004631
		i <= $	0.003792
		$ < m	0.003590
		i < $	0.003046
		$ < data.length	0.001023
		j < $	0.000837
		$ > 0	0.000320
		$ < 0	0.000305
13612	n	$ < n	0.891162
		$ < npt	0.009086
		$ >= 0	0.004631
		i <= $	0.003792
		$ < m	0.003590
		i < $	0.003046
		$ < data.length	0.001023
		j < $	0.000837
		$ > 0	0.000320
		$ < 0	0.000305
13613	n	$ < n	0.891162
		$ < npt	0.009086
		$ >= 0	0.004631
		i <= $	0.003792
		$ < m	0.003590
		i < $	0.003046
		$ < data.length	0.001023
		j < $	0.000837
		$ > 0	0.000320
		$ < 0	0.000305
13614	n	$ < n	0.891162
		$ < npt	0.009086
		$ >= 0	0.004631
		i <= $	0.003792
		$ < m	0.003590
		i < $	0.003046
		$ < data.length	0.001023
		j < $	0.000837
		$ > 0	0.000320
		$ < 0	0.000305
13615	n	$ < n	0.891162
		$ < npt	0.009086
		$ >= 0	0.004631
		i <= $	0.003792
		$ < m	0.003590
		i < $	0.003046
		$ < data.length	0.001023
		j < $	0.000837
		$ > 0	0.000320
		$ < 0	0.000305
13617	n	$ < n	0.891162
		$ < npt	0.009086
		$ >= 0	0.004631
		i <= $	0.003792
		$ < m	0.003590
		i < $	0.003046
		$ < data.length	0.001023
		j < $	0.000837
		$ > 0	0.000320
		$ < 0	0.000305
13618	n	$ < n	0.891162
		$ < npt	0.009086
		$ >= 0	0.004631
		i <= $	0.003792
		$ < m	0.003590
		i < $	0.003046
		$ < data.length	0.001023
		j < $	0.000837
		$ > 0	0.000320
		$ < 0	0.000305
13619	n	$ < n	0.692245
		i <= $	0.136366
		i < $	0.055962
		$ >= 0	0.003218
		$ < npt	0.002712
		j < $	0.001044
		$ < m	0.000884
		$ < 0	0.000420
		k < $	0.000342
		$ > 0	0.000228
13622	n	$ < n	0.891162
		$ < npt	0.009086
		$ >= 0	0.004631
		i <= $	0.003792
		$ < m	0.003590
		i < $	0.003046
		$ < data.length	0.001023
		j < $	0.000837
		$ > 0	0.000320
		$ < 0	0.000305
13623	n	$ < n	0.891162
		$ < npt	0.009086
		$ >= 0	0.004631
		i <= $	0.003792
		$ < m	0.003590
		i < $	0.003046
		$ < data.length	0.001023
		j < $	0.000837
		$ > 0	0.000320
		$ < 0	0.000305
13630	n	$ < n	0.408488
		i <= $	0.251444
		$ < npt	0.070092
		i < $	0.062230
		$ >= 0	0.004945
		j < $	0.002899
		$ < m	0.001631
		$ < 0	0.000775
		k < $	0.000555
		$ > 0	0.000421
14260	n	$ < n	0.447226
		$ >= 0	0.038621
		i < $	0.014700
		$ < m	0.014463
		$ < data.length	0.011489
		$ > 0	0.008371
		j < $	0.005271
		$ < nRows	0.002197
		i <= $	0.002033
		$ < 0	0.001213
12991	n	$ < n	0.755832
		$ < m	0.119632
		i < $	0.018920
		i <= $	0.004241
		j < $	0.001504
		$ >= 0	0.001170
		$ > 0	0.000709
		k < $	0.000392
		$ < 0	0.000302
		$ == 0	0.000240
12992	n	$ < m	0.419264
		$ < n	0.333520
		i < $	0.007082
		$ < data.length	0.005488
		$ > 0	0.005294
		$ >= 0	0.005114
		j < $	0.003739
		$ < nRows	0.001119
		i <= $	0.001040
		k < $	0.000877
12993	n	$ < m	0.419264
		$ < n	0.333520
		i < $	0.007082
		$ < data.length	0.005488
		$ > 0	0.005294
		$ >= 0	0.005114
		j < $	0.003739
		$ < nRows	0.001119
		i <= $	0.001040
		k < $	0.000877
12994	n	$ < n	0.256836
		$ < m	0.168785
		i < $	0.062772
		j < $	0.017432
		$ >= 0	0.013992
		$ < npt	0.007485
		i <= $	0.007121
		k < $	0.002739
		$ < 0	0.001764
		$ > 0	0.001563
12996	n	$ < n	0.889356
		$ < m	0.051918
		i < $	0.008689
		i <= $	0.003652
		$ >= 0	0.001262
		j < $	0.000528
		k < $	0.000245
		$ > 0	0.000185
		$ < 0	0.000169
		$ == 0	0.000068
12999	n	$ < n	0.889356
		$ < m	0.051918
		i < $	0.008689
		i <= $	0.003652
		$ >= 0	0.001262
		j < $	0.000528
		k < $	0.000245
		$ > 0	0.000185
		$ < 0	0.000169
		$ == 0	0.000068
13001	n	$ < n	0.889356
		$ < m	0.051918
		i < $	0.008689
		i <= $	0.003652
		$ >= 0	0.001262
		j < $	0.000528
		k < $	0.000245
		$ > 0	0.000185
		$ < 0	0.000169
		$ == 0	0.000068
13002	n	$ < n	0.889356
		$ < m	0.051918
		i < $	0.008689
		i <= $	0.003652
		$ >= 0	0.001262
		j < $	0.000528
		k < $	0.000245
		$ > 0	0.000185
		$ < 0	0.000169
		$ == 0	0.000068
13004	n	$ < n	0.882738
		$ < m	0.059293
		i < $	0.008311
		i <= $	0.003625
		$ >= 0	0.001253
		j < $	0.000564
		k < $	0.000196
		$ > 0	0.000183
		$ < 0	0.000168
		$ == 0	0.000068
13006	n	$ < n	0.882738
		$ < m	0.059293
		i < $	0.008311
		i <= $	0.003625
		$ >= 0	0.001253
		j < $	0.000564
		k < $	0.000196
		$ > 0	0.000183
		$ < 0	0.000168
		$ == 0	0.000068
13007	n	$ < n	0.882738
		$ < m	0.059293
		i < $	0.008311
		i <= $	0.003625
		$ >= 0	0.001253
		j < $	0.000564
		k < $	0.000196
		$ > 0	0.000183
		$ < 0	0.000168
		$ == 0	0.000068
13009	n	$ < n	0.882738
		$ < m	0.059293
		i < $	0.008311
		i <= $	0.003625
		$ >= 0	0.001253
		j < $	0.000564
		k < $	0.000196
		$ > 0	0.000183
		$ < 0	0.000168
		$ == 0	0.000068
3153	n	i < $.length	0.256744
		$ == null	0.023254
		i < $	0.006657
		$ < 0	0.004347
		$ != null	0.003934
		$ != 0	0.002873
		$.length == 0	0.002385
		$ < n	0.001558
		$ == 0	0.001239
		j < $	0.000967
3155	n	$ > 0	0.400446
		$ == 0	0.163233
		$ < 0	0.051392
		$ <= 0	0.016426
		i < $	0.016357
		k < $	0.014341
		j < $	0.010748
		$ != 0	0.008791
		$ == null	0.002818
		$ < n	0.002164
943	n	i < $	0.010942
		$	0.007860
		$ == null	0.007533
		$ == 0	0.005477
		$ != null	0.003710
		$ < 0	0.003018
		$.hasNext()	0.002966
		$ <= 0	0.002946
		$ >= 0	0.002118
		$ < n	0.001973
12453	n	$ < n	0.534575
		i < $	0.035421
		$ > 0	0.014515
		j < $	0.010359
		$ < m	0.008522
		$ < npt	0.004331
		i <= $	0.004119
		$ >= 0	0.003730
		k < $	0.001968
		$ != 0	0.001888
4158	n	$ > 0	0.581261
		$ >= 0	0.147980
		$ < n	0.041759
		$ < m	0.017090
		i < $	0.007228
		$ < data.length	0.006395
		j < $	0.002708
		i < $.length	0.001539
		$ < 0	0.001296
		$ != 0	0.000955
4159	n	$ == 0	0.410873
		$ > 0	0.171807
		$ < 0	0.099999
		k < $	0.043255
		$ <= 0	0.018652
		i < $	0.013049
		j < $	0.011327
		$ != 0	0.009056
		$ >= 0	0.004996
		$ == null	0.004081
3718	n	$ != 0	0.886270
		$ > 0	0.011024
		$ == 0	0.009621
		$ < 0	0.007775
		i < $	0.006122
		$ >= 0	0.003934
		$ < nRows	0.002090
		$ != null	0.001884
		$ <= 0	0.001249
		$ < m	0.000912
3597	n	$ != 0	0.425148
		$ == 0	0.270236
		$ < 0	0.096439
		i < $	0.053074
		$ > 0	0.023497
		$ >= 0	0.003092
		$ == null	0.003077
		$ <= 0	0.002079
		k < $	0.001703
		$ < n	0.001345
14562	n	$ >= 0	0.297801
		$ < n	0.228414
		j < $	0.045526
		i < $	0.018306
		$ > 0	0.016669
		$ < m	0.010895
		$ < nRows	0.009769
		$ < data.length	0.004157
		$ == 0	0.003010
		i <= $	0.002726
12813	n	$ < n	0.857651
		$ >= 0	0.045701
		j < $	0.004859
		$ < m	0.004518
		i < $	0.003246
		$ > 0	0.002818
		$ < data.length	0.001373
		$ < nRows	0.000856
		i < $.length	0.000461
		$ == 0	0.000390
12814	n	$ < n	0.857651
		$ >= 0	0.045701
		j < $	0.004859
		$ < m	0.004518
		i < $	0.003246
		$ > 0	0.002818
		$ < data.length	0.001373
		$ < nRows	0.000856
		i < $.length	0.000461
		$ == 0	0.000390
12815	n	$ < n	0.893373
		$ >= 0	0.024175
		i < $	0.010326
		$ < m	0.004919
		j < $	0.002681
		i <= $	0.002216
		$ > 0	0.001116
		$ != 0	0.000295
		i < $.length	0.000279
		k < $	0.000277
12820	n	$ < n	0.857651
		$ >= 0	0.045701
		j < $	0.004859
		$ < m	0.004518
		i < $	0.003246
		$ > 0	0.002818
		$ < data.length	0.001373
		$ < nRows	0.000856
		i < $.length	0.000461
		$ == 0	0.000390
12821	n	$ < n	0.893373
		$ >= 0	0.024175
		i < $	0.010326
		$ < m	0.004919
		j < $	0.002681
		i <= $	0.002216
		$ > 0	0.001116
		$ != 0	0.000295
		i < $.length	0.000279
		k < $	0.000277
12822	n	$ < n	0.893373
		$ >= 0	0.024175
		i < $	0.010326
		$ < m	0.004919
		j < $	0.002681
		i <= $	0.002216
		$ > 0	0.001116
		$ != 0	0.000295
		i < $.length	0.000279
		k < $	0.000277
12823	n	$ < n	0.857651
		$ >= 0	0.045701
		j < $	0.004859
		$ < m	0.004518
		i < $	0.003246
		$ > 0	0.002818
		$ < data.length	0.001373
		$ < nRows	0.000856
		i < $.length	0.000461
		$ == 0	0.000390
12824	n	$ < n	0.857651
		$ >= 0	0.045701
		j < $	0.004859
		$ < m	0.004518
		i < $	0.003246
		$ > 0	0.002818
		$ < data.length	0.001373
		$ < nRows	0.000856
		i < $.length	0.000461
		$ == 0	0.000390
12825	n	$ < n	0.857651
		$ >= 0	0.045701
		j < $	0.004859
		$ < m	0.004518
		i < $	0.003246
		$ > 0	0.002818
		$ < data.length	0.001373
		$ < nRows	0.000856
		i < $.length	0.000461
		$ == 0	0.000390
12826	n	$ < n	0.893373
		$ >= 0	0.024175
		i < $	0.010326
		$ < m	0.004919
		j < $	0.002681
		i <= $	0.002216
		$ > 0	0.001116
		$ != 0	0.000295
		i < $.length	0.000279
		k < $	0.000277
12828	n	$ < n	0.593651
		$ >= 0	0.159646
		j < $	0.013522
		$ < m	0.011508
		i < $	0.007686
		$ > 0	0.007178
		$ < data.length	0.003498
		$ < nRows	0.002180
		i < $.length	0.001173
		$ == 0	0.000995
12829	n	$ < n	0.671062
		$ >= 0	0.094652
		i < $	0.027411
		$ < m	0.014046
		j < $	0.008605
		i <= $	0.006328
		$ > 0	0.003188
		$ != 0	0.000803
		i < $.length	0.000797
		k < $	0.000792
12837	n	$ < n	0.593651
		$ >= 0	0.159646
		j < $	0.013522
		$ < m	0.011508
		i < $	0.007686
		$ > 0	0.007178
		$ < data.length	0.003498
		$ < nRows	0.002180
		i < $.length	0.001173
		$ == 0	0.000995
12838	n	$ < n	0.671062
		$ >= 0	0.094652
		i < $	0.027411
		$ < m	0.014046
		j < $	0.008605
		i <= $	0.006328
		$ > 0	0.003188
		$ != 0	0.000803
		i < $.length	0.000797
		k < $	0.000792
12842	n	$ < n	0.593651
		$ >= 0	0.159646
		j < $	0.013522
		$ < m	0.011508
		i < $	0.007686
		$ > 0	0.007178
		$ < data.length	0.003498
		$ < nRows	0.002180
		i < $.length	0.001173
		$ == 0	0.000995
12843	n	$ < n	0.671062
		$ >= 0	0.094652
		i < $	0.027411
		$ < m	0.014046
		j < $	0.008605
		i <= $	0.006328
		$ > 0	0.003188
		$ != 0	0.000803
		i < $.length	0.000797
		k < $	0.000792
14440	n	$ < n	0.773705
		$ >= 0	0.059176
		j < $	0.007772
		$ < m	0.007424
		$ > 0	0.005890
		i < $	0.005154
		$ < data.length	0.002389
		$ < nRows	0.001489
		i < $.length	0.000922
		$ == 0	0.000679
3365	n	$ <= 0	0.484001
		$ < 0	0.191759
		$ == 0	0.022595
		$ > 0	0.021573
		$ < m	0.016141
		$ >= 0	0.005966
		$ != 0	0.003837
		i < $.length	0.003360
		$.length == 0	0.003192
		i < $	0.002567
14289	n	$ < n	0.719692
		$ >= 0	0.044180
		$ > 0	0.015867
		i < $	0.009212
		$ < m	0.008212
		j < $	0.006327
		i <= $	0.002856
		$ < data.length	0.002521
		$ == 0	0.001773
		i < $.length	0.001537
14291	n	$ < n	0.747968
		$ > 0	0.044173
		$ >= 0	0.029858
		$ < m	0.018332
		i < $	0.005469
		j < $	0.002680
		$ < data.length	0.001892
		$ != 0	0.001640
		i < $.length	0.001341
		$ == 0	0.000630
14292	n	$ < n	0.747968
		$ > 0	0.044173
		$ >= 0	0.029858
		$ < m	0.018332
		i < $	0.005469
		j < $	0.002680
		$ < data.length	0.001892
		$ != 0	0.001640
		i < $.length	0.001341
		$ == 0	0.000630
3382	n	i < $	0.589860
		j < $	0.202656
		k < $	0.037152
		$ < n	0.012977
		$ > 0	0.005714
		i <= $	0.003983
		row < $	0.003296
		$ != 0	0.002303
		$ >= 0	0.001291
		$ <= 0	0.001033
14281	n	$ < n	0.869759
		$ >= 0	0.022470
		i < $	0.012613
		$ < m	0.005824
		j < $	0.004076
		i <= $	0.002918
		$ > 0	0.002038
		i < $.length	0.000434
		$ < 0	0.000258
		$ == 0	0.000238
14283	n	$ < n	0.848528
		$ >= 0	0.038848
		j < $	0.008109
		$ < m	0.005160
		i < $	0.003707
		$ > 0	0.003195
		$ < data.length	0.001568
		$ < nRows	0.000978
		i < $.length	0.000621
		$ == 0	0.000446
14284	n	$ < n	0.869759
		$ >= 0	0.022470
		i < $	0.012613
		$ < m	0.005824
		j < $	0.004076
		i <= $	0.002918
		$ > 0	0.002038
		i < $.length	0.000434
		$ < 0	0.000258
		$ == 0	0.000238
14286	n	$ < n	0.848528
		$ >= 0	0.038848
		j < $	0.008109
		$ < m	0.005160
		i < $	0.003707
		$ > 0	0.003195
		$ < data.length	0.001568
		$ < nRows	0.000978
		i < $.length	0.000621
		$ == 0	0.000446
445	n	$ == 0	0.329268
		$ != 0	0.061190
		$ < 0	0.025604
		$ == null	0.017361
		$ <= 0	0.010591
		$ > 0	0.008517
		i < $.length	0.008176
		$ != null	0.006161
		$ >= 0	0.005948
		i < $	0.004857
456	n	$ == 0	0.682721
		$ < 0	0.138510
		$ > 0	0.020009
		$ != 0	0.014948
		$ >= 0	0.010741
		i <= $	0.008812
		i < $	0.004666
		$ <= 0	0.003086
		k < $	0.002641
		$ < n	0.002307
3376	n	$ >= 0	0.789084
		$ < n	0.056945
		$ > 0	0.022842
		$ < m	0.010471
		i < $	0.004105
		j < $	0.002627
		$ < data.length	0.002066
		i < $.length	0.000959
		$ == 0	0.000938
		$ <= 0	0.000610
14580	n	$ < n	0.599127
		i < $	0.047335
		$ >= 0	0.045273
		$ < m	0.010365
		i <= $	0.009161
		j < $	0.006859
		$ > 0	0.005515
		row < $	0.001713
		$ == 0	0.001713
		i < $.length	0.001647
4141	n	$ == null	0.033380
		$ != null	0.025293
		i < $	0.010490
		$	0.007382
		$ <= 0	0.007092
		$ == 0	0.005920
		$.length == 0	0.005285
		$ > 0	0.004319
		$ < 0	0.002430
		$ < n	0.002324
14640	n	$ < n	0.374968
		$ > 0	0.086004
		$ < m	0.054868
		$ >= 0	0.021324
		$ < data.length	0.015634
		$ != 0	0.015254
		i < $	0.015049
		j < $	0.009823
		$ <= 0	0.004909
		$ < nRows	0.004165
14264	n	$ < 0	0.059304
		$ <= 0	0.031398
		$ == 0	0.026904
		i < $.length	0.010740
		$ == null	0.009457
		$ != null	0.008729
		i < $	0.008179
		$ >= 0	0.008142
		$ > 0	0.007722
		$ != 0	0.007187
14334	n	$ < n	0.681441
		$ >= 0	0.092645
		i <= $	0.036566
		i < $	0.018507
		$ < m	0.008663
		j < $	0.003099
		$ > 0	0.002283
		i < $.length	0.000940
		$ <= 0	0.000916
		$ != 0	0.000507
14541	n	$ < n	0.681476
		i < $	0.035468
		$ < m	0.015273
		$ >= 0	0.014764
		i <= $	0.011341
		j < $	0.005878
		row < $	0.004029
		$ > 0	0.003463
		i < $.length	0.001410
		$ == 0	0.000831
12724	n	$ < m	0.347048
		$ < n	0.303451
		$ > 0	0.024370
		j < $	0.020202
		$ >= 0	0.015556
		i < $	0.010007
		$ < data.length	0.006571
		i <= $	0.006201
		i < $.length	0.001935
		$ == 0	0.001455
12725	n	$ < n	0.319050
		$ < m	0.288330
		i <= $	0.062391
		i < $	0.037640
		j < $	0.012906
		$ >= 0	0.010283
		$ > 0	0.008808
		i < $.length	0.001415
		row < $	0.001189
		$ < 0	0.001029
12736	n	$ < n	0.769604
		$ < m	0.049073
		$ >= 0	0.048803
		i <= $	0.024336
		i < $	0.010813
		$ > 0	0.002623
		j < $	0.002160
		i < $.length	0.000406
		$ <= 0	0.000305
		$ != 0	0.000301
4291	n	$ < 0	0.124916
		$ > 0	0.060708
		$ == 0	0.055071
		$ >= 0	0.034294
		$ <= 0	0.029760
		$ < m	0.018302
		$ != 0	0.013266
		$ == null	0.009340
		i < $.length	0.009140
		$.length == 0	0.008251
14778	n	$ < n	0.641528
		$ >= 0	0.058778
		$ < m	0.029569
		$ > 0	0.017102
		i < $	0.008233
		j < $	0.007251
		$ < data.length	0.004277
		i <= $	0.002638
		i < $.length	0.001853
		$ <= 0	0.001624
12655	n	$ < n	0.374878
		$ >= 0	0.067756
		$ < m	0.062673
		$ < nRows	0.053856
		j < $	0.025343
		i < $	0.017296
		$ > 0	0.007925
		$ < data.length	0.004351
		i <= $	0.004065
		row < $	0.003135
12656	n	$ < n	0.374878
		$ >= 0	0.067756
		$ < m	0.062673
		$ < nRows	0.053856
		j < $	0.025343
		i < $	0.017296
		$ > 0	0.007925
		$ < data.length	0.004351
		i <= $	0.004065
		row < $	0.003135
1269	n	$ != null	0.802178
		$ == null	0.123227
		i < $.length	0.001236
		$ != 0	0.001167
		i < $	0.000789
		$.length == 0	0.000731
		$ == 0	0.000618
		$	0.000561
		$ < 0	0.000554
		j < $	0.000285
14780	n	$ < n	0.583123
		$ >= 0	0.048296
		$ < m	0.022936
		$ > 0	0.022929
		i < $	0.010607
		j < $	0.005991
		$ < data.length	0.005511
		i <= $	0.003399
		i < $.length	0.002388
		$ <= 0	0.002093
14525	n	$ < n	0.478277
		$ > 0	0.038373
		$ >= 0	0.028766
		i < $	0.014910
		$ < m	0.013587
		$ < data.length	0.010004
		j < $	0.005802
		i <= $	0.004275
		i < $.length	0.003310
		row < $	0.002253
14526	n	$ < n	0.478277
		$ > 0	0.038373
		$ >= 0	0.028766
		i < $	0.014910
		$ < m	0.013587
		$ < data.length	0.010004
		j < $	0.005802
		i <= $	0.004275
		i < $.length	0.003310
		row < $	0.002253
4002	n	$ < 0	0.701092
		$ <= 0	0.178989
		$ < nRows	0.006142
		$ == 0	0.005835
		i < $	0.005103
		$ > 0	0.003893
		$ >= 0	0.001959
		$ != 0	0.001590
		$.length == 0	0.001139
		k < $	0.001050
4003	n	$ == 0	0.749821
		$ <= 0	0.054339
		i < $	0.013681
		j < $	0.010074
		$.length == 0	0.008045
		k < $	0.006431
		$ > 0	0.005749
		$ >= 0	0.003725
		$ < n	0.002446
		$ != 0	0.001668
14607	n	$ < n	0.590693
		$ > 0	0.054162
		$ >= 0	0.045035
		$ < m	0.020607
		i < $	0.010202
		$ < data.length	0.004952
		j < $	0.004006
		i < $.length	0.002337
		$ <= 0	0.002271
		$ == 0	0.001802
14609	n	$ < n	0.590693
		$ > 0	0.054162
		$ >= 0	0.045035
		$ < m	0.020607
		i < $	0.010202
		$ < data.length	0.004952
		j < $	0.004006
		i < $.length	0.002337
		$ <= 0	0.002271
		$ == 0	0.001802
4035	n	$ <= 0	0.764254
		$ < 0	0.018738
		$ > 0	0.013044
		$ == 0	0.008145
		$ == null	0.003933
		$ != 0	0.003056
		i < $	0.001663
		i < $.length	0.000903
		$ != null	0.000618
		$.length == 0	0.000581
13022	n	$ < n	0.488438
		$ > 0	0.055026
		$ < m	0.039019
		$ != 0	0.018385
		$ < data.length	0.015777
		i < $	0.012817
		j < $	0.006893
		$ >= 0	0.005125
		$ < nRows	0.004027
		$ <= 0	0.003843
13023	n	$ < n	0.245922
		$ >= 0	0.061477
		$ < m	0.023347
		i < $	0.022334
		$ > 0	0.021348
		row < $	0.016115
		j < $	0.015657
		$ < nRows	0.009379
		$ < data.length	0.007602
		$ < 0	0.006464
13024	n	$ < n	0.405270
		$ > 0	0.062168
		$ < m	0.059627
		$ != 0	0.020771
		$ < data.length	0.018731
		i < $	0.014480
		j < $	0.008108
		$ >= 0	0.005790
		$ < nRows	0.004550
		$ <= 0	0.004342
13026	n	$ < n	0.246553
		$ < m	0.077157
		$ >= 0	0.052786
		i < $	0.020762
		$ > 0	0.019845
		j < $	0.015915
		row < $	0.014981
		$ < nRows	0.008719
		$ < data.length	0.007067
		$ < 0	0.006009
12493	n	$ < n	0.327350
		j < $	0.120865
		$ < data.length	0.047289
		$ > 0	0.023477
		$ >= 0	0.019532
		i < $	0.016183
		$ < m	0.010263
		row < $	0.004139
		$ < nRows	0.003712
		i <= $	0.002745
12499	n	$ < n	0.327350
		j < $	0.120865
		$ < data.length	0.047289
		$ > 0	0.023477
		$ >= 0	0.019532
		i < $	0.016183
		$ < m	0.010263
		row < $	0.004139
		$ < nRows	0.003712
		i <= $	0.002745
14067	n	$ < n	0.933254
		j < $	0.007463
		$ < data.length	0.004469
		$ > 0	0.003805
		$ >= 0	0.002147
		i < $	0.001811
		$ < m	0.001267
		i <= $	0.000878
		row < $	0.000640
		i < $.length	0.000200
14068	n	$ < n	0.930075
		i < $	0.009114
		i <= $	0.008835
		j < $	0.005168
		$ >= 0	0.001748
		$ < m	0.001609
		$ > 0	0.001210
		row < $	0.000603
		$ < solvedCols	0.000188
		$ != 0	0.000162
14069	n	$ < n	0.930075
		i < $	0.009114
		i <= $	0.008835
		j < $	0.005168
		$ >= 0	0.001748
		$ < m	0.001609
		$ > 0	0.001210
		row < $	0.000603
		$ < solvedCols	0.000188
		$ != 0	0.000162
14070	n	$ < n	0.930075
		i < $	0.009114
		i <= $	0.008835
		j < $	0.005168
		$ >= 0	0.001748
		$ < m	0.001609
		$ > 0	0.001210
		row < $	0.000603
		$ < solvedCols	0.000188
		$ != 0	0.000162
14071	n	$ < n	0.930075
		i < $	0.009114
		i <= $	0.008835
		j < $	0.005168
		$ >= 0	0.001748
		$ < m	0.001609
		$ > 0	0.001210
		row < $	0.000603
		$ < solvedCols	0.000188
		$ != 0	0.000162
14072	n	$ < n	0.930075
		i < $	0.009114
		i <= $	0.008835
		j < $	0.005168
		$ >= 0	0.001748
		$ < m	0.001609
		$ > 0	0.001210
		row < $	0.000603
		$ < solvedCols	0.000188
		$ != 0	0.000162
14073	n	$ < n	0.930075
		i < $	0.009114
		i <= $	0.008835
		j < $	0.005168
		$ >= 0	0.001748
		$ < m	0.001609
		$ > 0	0.001210
		row < $	0.000603
		$ < solvedCols	0.000188
		$ != 0	0.000162
14074	n	j < $	0.695299
		i < $	0.165190
		i <= $	0.084007
		k < $	0.003601
		row < $	0.003194
		$ < n	0.001845
		$ > 0	0.000799
		$ >= 0	0.000673
		$ != 0	0.000310
		$ < 0	0.000206
14075	n	$ < n	0.930075
		i < $	0.009114
		i <= $	0.008835
		j < $	0.005168
		$ >= 0	0.001748
		$ < m	0.001609
		$ > 0	0.001210
		row < $	0.000603
		$ < solvedCols	0.000188
		$ != 0	0.000162
13637	n	$ < n	0.933254
		j < $	0.007463
		$ < data.length	0.004469
		$ > 0	0.003805
		$ >= 0	0.002147
		i < $	0.001811
		$ < m	0.001267
		i <= $	0.000878
		row < $	0.000640
		i < $.length	0.000200
13638	n	$ < n	0.930075
		i < $	0.009114
		i <= $	0.008835
		j < $	0.005168
		$ >= 0	0.001748
		$ < m	0.001609
		$ > 0	0.001210
		row < $	0.000603
		$ < solvedCols	0.000188
		$ != 0	0.000162
13639	n	$ < n	0.930075
		i < $	0.009114
		i <= $	0.008835
		j < $	0.005168
		$ >= 0	0.001748
		$ < m	0.001609
		$ > 0	0.001210
		row < $	0.000603
		$ < solvedCols	0.000188
		$ != 0	0.000162
13640	n	$ < n	0.930075
		i < $	0.009114
		i <= $	0.008835
		j < $	0.005168
		$ >= 0	0.001748
		$ < m	0.001609
		$ > 0	0.001210
		row < $	0.000603
		$ < solvedCols	0.000188
		$ != 0	0.000162
13641	n	$ < n	0.930075
		i < $	0.009114
		i <= $	0.008835
		j < $	0.005168
		$ >= 0	0.001748
		$ < m	0.001609
		$ > 0	0.001210
		row < $	0.000603
		$ < solvedCols	0.000188
		$ != 0	0.000162
13642	n	$ < n	0.930075
		i < $	0.009114
		i <= $	0.008835
		j < $	0.005168
		$ >= 0	0.001748
		$ < m	0.001609
		$ > 0	0.001210
		row < $	0.000603
		$ < solvedCols	0.000188
		$ != 0	0.000162
13643	n	$ < n	0.930075
		i < $	0.009114
		i <= $	0.008835
		j < $	0.005168
		$ >= 0	0.001748
		$ < m	0.001609
		$ > 0	0.001210
		row < $	0.000603
		$ < solvedCols	0.000188
		$ != 0	0.000162
13644	n	j < $	0.695299
		i < $	0.165190
		i <= $	0.084007
		k < $	0.003601
		row < $	0.003194
		$ < n	0.001845
		$ > 0	0.000799
		$ >= 0	0.000673
		$ != 0	0.000310
		$ < 0	0.000206
13645	n	$ < n	0.930075
		i < $	0.009114
		i <= $	0.008835
		j < $	0.005168
		$ >= 0	0.001748
		$ < m	0.001609
		$ > 0	0.001210
		row < $	0.000603
		$ < solvedCols	0.000188
		$ != 0	0.000162
14084	n	$ < n	0.919862
		j < $	0.004232
		$ < data.length	0.003208
		i < $	0.002786
		$ < solvedCols	0.002567
		$ >= 0	0.002506
		$ > 0	0.001812
		$ < m	0.001373
		i <= $	0.000935
		row < $	0.000575
14085	n	$ < n	0.919862
		j < $	0.004232
		$ < data.length	0.003208
		i < $	0.002786
		$ < solvedCols	0.002567
		$ >= 0	0.002506
		$ > 0	0.001812
		$ < m	0.001373
		i <= $	0.000935
		row < $	0.000575
14087	n	$ < n	0.919862
		j < $	0.004232
		$ < data.length	0.003208
		i < $	0.002786
		$ < solvedCols	0.002567
		$ >= 0	0.002506
		$ > 0	0.001812
		$ < m	0.001373
		i <= $	0.000935
		row < $	0.000575
14088	n	$ < n	0.919862
		j < $	0.004232
		$ < data.length	0.003208
		i < $	0.002786
		$ < solvedCols	0.002567
		$ >= 0	0.002506
		$ > 0	0.001812
		$ < m	0.001373
		i <= $	0.000935
		row < $	0.000575
14090	n	$ < n	0.919862
		j < $	0.004232
		$ < data.length	0.003208
		i < $	0.002786
		$ < solvedCols	0.002567
		$ >= 0	0.002506
		$ > 0	0.001812
		$ < m	0.001373
		i <= $	0.000935
		row < $	0.000575
13432	n	$ < n	0.919862
		j < $	0.004232
		$ < data.length	0.003208
		i < $	0.002786
		$ < solvedCols	0.002567
		$ >= 0	0.002506
		$ > 0	0.001812
		$ < m	0.001373
		i <= $	0.000935
		row < $	0.000575
13433	n	$ < n	0.919862
		j < $	0.004232
		$ < data.length	0.003208
		i < $	0.002786
		$ < solvedCols	0.002567
		$ >= 0	0.002506
		$ > 0	0.001812
		$ < m	0.001373
		i <= $	0.000935
		row < $	0.000575
13435	n	$ < n	0.919862
		j < $	0.004232
		$ < data.length	0.003208
		i < $	0.002786
		$ < solvedCols	0.002567
		$ >= 0	0.002506
		$ > 0	0.001812
		$ < m	0.001373
		i <= $	0.000935
		row < $	0.000575
13436	n	$ < n	0.919862
		j < $	0.004232
		$ < data.length	0.003208
		i < $	0.002786
		$ < solvedCols	0.002567
		$ >= 0	0.002506
		$ > 0	0.001812
		$ < m	0.001373
		i <= $	0.000935
		row < $	0.000575
13438	n	$ < n	0.919862
		j < $	0.004232
		$ < data.length	0.003208
		i < $	0.002786
		$ < solvedCols	0.002567
		$ >= 0	0.002506
		$ > 0	0.001812
		$ < m	0.001373
		i <= $	0.000935
		row < $	0.000575
14315	n	$ < n	0.844342
		i < $	0.017549
		$ >= 0	0.013074
		i <= $	0.012722
		j < $	0.007686
		$ < m	0.006339
		$ > 0	0.001014
		row < $	0.001004
		$ != 0	0.000780
		k < $	0.000465
14316	n	$ < n	0.760567
		i < $	0.043621
		j < $	0.015204
		i <= $	0.013101
		$ < m	0.009601
		$ >= 0	0.002575
		$ > 0	0.002391
		$ != 0	0.002287
		row < $	0.001299
		$ < 0	0.000840
13831	n	$ < n	0.773936
		j < $	0.022636
		$ >= 0	0.017442
		$ < data.length	0.010720
		i < $	0.007642
		$ > 0	0.007046
		$ < m	0.005788
		i <= $	0.003658
		row < $	0.002131
		k < $	0.001653
13832	n	$ < n	0.690753
		i <= $	0.050112
		i < $	0.041343
		$ >= 0	0.028918
		j < $	0.015599
		$ > 0	0.008748
		$ < m	0.002987
		row < $	0.002293
		$ < solvedCols	0.001550
		k < $	0.001549
13269	n	$ < n	0.824589
		$ >= 0	0.019207
		j < $	0.009125
		$ < data.length	0.008905
		i < $	0.006463
		$ > 0	0.002865
		$ < m	0.002808
		i <= $	0.001295
		row < $	0.001186
		$ < nRows	0.001158
13271	n	$ < n	0.824497
		$ >= 0	0.019205
		j < $	0.009124
		$ < data.length	0.009015
		i < $	0.006462
		$ > 0	0.002865
		$ < m	0.002808
		i <= $	0.001294
		row < $	0.001186
		$ < nRows	0.001158
1751	n	$ < 0	0.116852
		$ != 0	0.080244
		$ == 0	0.040900
		$.length == 0	0.025358
		$ == null	0.015823
		$ < m	0.013255
		$ <= 0	0.007911
		$ > 0	0.006973
		i < $	0.006863
		$ != null	0.006658
14302	n	$ < n	0.525912
		j < $	0.166251
		$ >= 0	0.048341
		i < $	0.013089
		$ < data.length	0.012356
		$ < m	0.007707
		$ > 0	0.007671
		i <= $	0.005575
		$ < nRows	0.004612
		k < $	0.004538
827	n	$ == 0	0.932643
		i < $	0.007156
		k < $	0.005421
		$ < 0	0.004084
		$ > 0	0.003997
		$ <= 0	0.002998
		$ >= 0	0.002931
		$ < n	0.001719
		$ != 0	0.001130
		$ == null	0.001066
12442	n	$ < n	0.641377
		i < $	0.025501
		$ >= 0	0.020588
		$ < data.length	0.014870
		$ < m	0.011774
		i <= $	0.007856
		j < $	0.007154
		k < $	0.005143
		$ > 0	0.003683
		row < $	0.002968
12443	n	$ < n	0.641377
		i < $	0.025501
		$ >= 0	0.020588
		$ < data.length	0.014870
		$ < m	0.011774
		i <= $	0.007856
		j < $	0.007154
		k < $	0.005143
		$ > 0	0.003683
		row < $	0.002968
12447	n	$	0.996212
		$.length == 0	0.000051
		i < $	0.000048
		$ == null	0.000044
		$ != null	0.000035
		i < $.length	0.000034
		$ == 0	0.000027
		$ < 0	0.000018
		k < $	0.000015
		j < $	0.000011
4240	n	$ != null	0.820337
		$ == null	0.142997
		$.length == 0	0.000714
		i <= $	0.000659
		i < $	0.000384
		$ <= 0	0.000351
		$ == 0	0.000339
		k < $	0.000295
		$	0.000271
		i < $.length	0.000229
14734	n	$ == 0	0.904473
		$.length == 0	0.017982
		i < $	0.003817
		$ > 0	0.003095
		j < $	0.002952
		$ <= 0	0.002820
		k < $	0.001716
		row < $	0.001469
		$ != 0	0.001069
		$ >= 0	0.001031
4241	n	i < $	0.185075
		$ > 0	0.105111
		j < $	0.047449
		k < $	0.040274
		$ != 0	0.019726
		row < $	0.013830
		$ == 0	0.010767
		$ >= 0	0.010308
		$ < n	0.008942
		i <= $	0.008793
4242	n	$ < n	0.314807
		$ >= 0	0.296247
		i < $	0.078974
		i <= $	0.036366
		$ > 0	0.021083
		j < $	0.005683
		$ < m	0.003799
		$ == 0	0.002405
		row < $	0.002240
		k < $	0.002033
4244	n	i < $.length	0.789063
		$ != null	0.011797
		i <= $	0.004065
		k < $	0.003608
		$ == null	0.003246
		i < $	0.002872
		j < $	0.002655
		$.length == 0	0.001868
		$ >= 0	0.001756
		row < $	0.001740
4245	n	$ == 0	0.872527
		$ > 0	0.020773
		$.length == 0	0.019544
		i < $	0.008363
		j < $	0.002009
		$ < 0	0.001859
		$ >= 0	0.001839
		i <= $	0.001788
		$ < solvedCols	0.001424
		$ <= 0	0.001324
14725	n	$ < n	0.768288
		$ >= 0	0.070677
		$ > 0	0.010619
		$ < data.length	0.009310
		i < $	0.006517
		j < $	0.005004
		$ < m	0.002803
		i <= $	0.001502
		k < $	0.001199
		row < $	0.001191
14726	n	$ < n	0.768288
		$ >= 0	0.070677
		$ > 0	0.010619
		$ < data.length	0.009310
		i < $	0.006517
		j < $	0.005004
		$ < m	0.002803
		i <= $	0.001502
		k < $	0.001199
		row < $	0.001191
14728	n	$ < n	0.495856
		$ >= 0	0.169567
		$ > 0	0.071720
		j < $	0.025348
		$ < data.length	0.012787
		i < $	0.009649
		$ < m	0.007278
		i <= $	0.005486
		k < $	0.004863
		$ < nRows	0.004355
14729	n	$ < n	0.495856
		$ >= 0	0.169567
		$ > 0	0.071720
		j < $	0.025348
		$ < data.length	0.012787
		i < $	0.009649
		$ < m	0.007278
		i <= $	0.005486
		k < $	0.004863
		$ < nRows	0.004355
14731	n	$ < n	0.495856
		$ >= 0	0.169567
		$ > 0	0.071720
		j < $	0.025348
		$ < data.length	0.012787
		i < $	0.009649
		$ < m	0.007278
		i <= $	0.005486
		k < $	0.004863
		$ < nRows	0.004355
14732	n	$ >= 0	0.258339
		$ < n	0.242752
		$ > 0	0.185689
		i <= $	0.064773
		i < $	0.047757
		j < $	0.014088
		k < $	0.003928
		$ < m	0.003321
		row < $	0.001927
		$ < solvedCols	0.001723
14755	n	$ < n	0.513351
		$ >= 0	0.277318
		$ > 0	0.012951
		$ < data.length	0.012111
		i < $	0.008477
		j < $	0.006056
		$ < m	0.003646
		i <= $	0.002849
		k < $	0.001626
		row < $	0.001549
14063	n	$ < n	0.829730
		$ >= 0	0.021527
		$ > 0	0.008905
		i < $	0.006060
		$ < data.length	0.005940
		$ < solvedCols	0.004753
		i <= $	0.003763
		j < $	0.003007
		$ < m	0.002542
		k < $	0.001536
14064	n	$ < n	0.829730
		$ >= 0	0.021527
		$ > 0	0.008905
		i < $	0.006060
		$ < data.length	0.005940
		$ < solvedCols	0.004753
		i <= $	0.003763
		j < $	0.003007
		$ < m	0.002542
		k < $	0.001536
14065	n	$ < n	0.829730
		$ >= 0	0.021527
		$ > 0	0.008905
		i < $	0.006060
		$ < data.length	0.005940
		$ < solvedCols	0.004753
		i <= $	0.003763
		j < $	0.003007
		$ < m	0.002542
		k < $	0.001536
14066	n	$ < n	0.758342
		$ > 0	0.013494
		$ < data.length	0.012851
		i < $	0.012674
		$ >= 0	0.010308
		$ < m	0.004969
		i <= $	0.004843
		j < $	0.004068
		row < $	0.002512
		k < $	0.001550
13633	n	$ < n	0.829730
		$ >= 0	0.021527
		$ > 0	0.008905
		i < $	0.006060
		$ < data.length	0.005940
		$ < solvedCols	0.004753
		i <= $	0.003763
		j < $	0.003007
		$ < m	0.002542
		k < $	0.001536
13634	n	$ < n	0.829730
		$ >= 0	0.021527
		$ > 0	0.008905
		i < $	0.006060
		$ < data.length	0.005940
		$ < solvedCols	0.004753
		i <= $	0.003763
		j < $	0.003007
		$ < m	0.002542
		k < $	0.001536
13635	n	$ < n	0.829730
		$ >= 0	0.021527
		$ > 0	0.008905
		i < $	0.006060
		$ < data.length	0.005940
		$ < solvedCols	0.004753
		i <= $	0.003763
		j < $	0.003007
		$ < m	0.002542
		k < $	0.001536
13636	n	$ < n	0.758342
		$ > 0	0.013494
		$ < data.length	0.012851
		i < $	0.012674
		$ >= 0	0.010308
		$ < m	0.004969
		i <= $	0.004843
		j < $	0.004068
		row < $	0.002512
		k < $	0.001550
1060	n	$ != null	0.822746
		$ == null	0.063088
		$.length == 0	0.009325
		$ < 0	0.002591
		$ > 0	0.002315
		$ == 0	0.001939
		i < $.length	0.001508
		$ != 0	0.001499
		$ >= 0	0.001365
		i <= $	0.001038
1062	n	$ < 0	0.478040
		i < $	0.122916
		$ > 0	0.026971
		j < $	0.015502
		$ == 0	0.014908
		i <= $	0.012979
		row < $	0.010238
		$ != 0	0.008143
		k < $	0.007927
		$ >= 0	0.004438
12875	n	$ < n	0.167998
		i < $	0.099823
		$ < m	0.090633
		row < $	0.049469
		j < $	0.038637
		k < $	0.030590
		$ >= 0	0.029252
		i <= $	0.023652
		$ < 0	0.011351
		$ == 0	0.007474
12660	n	$ < n	0.662204
		$ < m	0.128631
		$ >= 0	0.021268
		$ < data.length	0.014871
		i < $	0.007148
		$ > 0	0.006787
		i <= $	0.004301
		j < $	0.003647
		$ < 0	0.001926
		k < $	0.001278
3165	n	$ <= 0	0.641388
		$ > 0	0.116454
		$ < 0	0.042086
		$ == 0	0.023211
		$ >= 0	0.016238
		$ != 0	0.008762
		i < $	0.006232
		j < $	0.005635
		k < $	0.005343
		i <= $	0.003533
3175	n	$ <= 0	0.781469
		$ > 0	0.053299
		$ < 0	0.029546
		$ == 0	0.016449
		$ >= 0	0.010947
		$ != 0	0.005907
		i < $	0.004201
		j < $	0.003799
		k < $	0.003602
		i <= $	0.002382
14196	n	$ < n	0.410235
		$ < m	0.197465
		$ >= 0	0.038609
		$ < data.length	0.026997
		j < $	0.021233
		i < $	0.012977
		$ > 0	0.012527
		i <= $	0.005650
		$ < 0	0.003496
		k < $	0.002319
13292	n	$ < n	0.474582
		$ >= 0	0.060219
		$ < m	0.039518
		$ < data.length	0.024763
		$ > 0	0.018286
		i < $	0.014603
		j < $	0.009994
		i <= $	0.008416
		$ < 0	0.004051
		k < $	0.003262
13302	n	$ < n	0.693769
		$ < m	0.088872
		i < $	0.038417
		i <= $	0.031939
		$ >= 0	0.005402
		$ > 0	0.003817
		j < $	0.002767
		k < $	0.001417
		$ < 0	0.001170
		$ != 0	0.000655
871	n	$ < n	0.347941
		$ >= 0	0.081089
		$ < m	0.034778
		$ < data.length	0.029935
		$ > 0	0.026109
		$ < solvedCols	0.017602
		i < $	0.017451
		i <= $	0.012716
		j < $	0.011661
		$ < 0	0.005584
14318	n	$ < n	0.706310
		$ >= 0	0.027493
		$ < data.length	0.021709
		$ < m	0.015742
		i <= $	0.008326
		i < $	0.007900
		k < $	0.005263
		j < $	0.004184
		$ > 0	0.002207
		$ < 0	0.001628
14320	n	$ < n	0.706310
		$ >= 0	0.027493
		$ < data.length	0.021709
		$ < m	0.015742
		i <= $	0.008326
		i < $	0.007900
		k < $	0.005263
		j < $	0.004184
		$ > 0	0.002207
		$ < 0	0.001628
3413	n	i < $	0.771544
		j < $	0.092319
		k < $	0.025947
		$ >= 0	0.006272
		i <= $	0.005943
		$ < n	0.003141
		row < $	0.002022
		$ == 0	0.001062
		$ <= 0	0.000869
		$ < m	0.000669
14321	n	$ < n	0.499073
		$ < data.length	0.149176
		$ < m	0.023177
		i < $	0.012341
		$ >= 0	0.011097
		$ > 0	0.010336
		j < $	0.008319
		k < $	0.006614
		i <= $	0.005160
		$ < 0	0.004278
14323	n	$ < n	0.499073
		$ < data.length	0.149176
		$ < m	0.023177
		i < $	0.012341
		$ >= 0	0.011097
		$ > 0	0.010336
		j < $	0.008319
		k < $	0.006614
		i <= $	0.005160
		$ < 0	0.004278
13050	n	$ < n	0.452889
		$ >= 0	0.159134
		i <= $	0.119803
		$ < m	0.094226
		i < $	0.024278
		j < $	0.003929
		$ > 0	0.001905
		k < $	0.001492
		$ <= 0	0.000712
		row < $	0.000670
13060	n	$ < n	0.599762
		i <= $	0.130698
		i < $	0.041402
		$ < m	0.017121
		$ >= 0	0.009456
		$ > 0	0.005247
		j < $	0.004633
		k < $	0.001690
		$ < data.length	0.001205
		$ < 0	0.001039
12847	n	$ < n	0.822097
		$ < m	0.047074
		$ >= 0	0.020961
		$ < data.length	0.006373
		j < $	0.004102
		i < $	0.003870
		$ > 0	0.003488
		k < $	0.002556
		$ < solvedCols	0.000803
		i <= $	0.000681
1487	n	$.hasNext()	0.990938
		$ >= 0	0.000944
		$ == null	0.000561
		$ != null	0.000206
		$.length == 0	0.000151
		i < $.length	0.000097
		$ < n	0.000093
		i < $	0.000079
		$	0.000056
		$ < 0	0.000045
12859	n	$ < n	0.396425
		i < $	0.115137
		$ < m	0.068187
		j < $	0.029245
		k < $	0.012710
		row < $	0.009987
		$ != 0	0.007218
		i <= $	0.006167
		$ > 0	0.005619
		$ < 0	0.004190
12861	n	$ < n	0.830001
		$ < m	0.023670
		$ < data.length	0.007434
		i < $	0.005381
		$ > 0	0.004275
		$ >= 0	0.003436
		j < $	0.002492
		$ <= 0	0.001707
		i <= $	0.001093
		k < $	0.001007
12863	n	$ < n	0.842775
		$ < m	0.021290
		$ >= 0	0.010012
		$ < data.length	0.006687
		i < $	0.004840
		j < $	0.001993
		$ > 0	0.001931
		$ <= 0	0.001536
		i <= $	0.000983
		k < $	0.000906
12865	n	$ < n	0.793998
		$ < m	0.057006
		$ >= 0	0.013086
		$ < data.length	0.011100
		j < $	0.005117
		i < $	0.004686
		$ > 0	0.003311
		k < $	0.003095
		$ < solvedCols	0.000972
		$ == 0	0.000866
14521	n	$ < n	0.870089
		$ < m	0.011907
		$ >= 0	0.006426
		$ < data.length	0.005353
		$ > 0	0.004315
		i < $	0.004300
		j < $	0.001753
		i <= $	0.001060
		i < $.length	0.000685
		k < $	0.000669
14522	n	$ < n	0.870089
		$ < m	0.011907
		$ >= 0	0.006426
		$ < data.length	0.005353
		$ > 0	0.004315
		i < $	0.004300
		j < $	0.001753
		i <= $	0.001060
		i < $.length	0.000685
		k < $	0.000669
14524	n	$ < n	0.870089
		$ < m	0.011907
		$ >= 0	0.006426
		$ < data.length	0.005353
		$ > 0	0.004315
		i < $	0.004300
		j < $	0.001753
		i <= $	0.001060
		i < $.length	0.000685
		k < $	0.000669
2522	n	$ == null	0.980521
		$.length == 0	0.002577
		$ != null	0.001579
		$ <= 0	0.000562
		$ >= 0	0.000242
		$ < n	0.000161
		k < $	0.000158
		i < $	0.000157
		$ < 0	0.000132
		$ == 0	0.000116
13774	n	$ < n	0.800206
		$ < m	0.028870
		$ >= 0	0.016774
		i < $	0.005853
		$ < data.length	0.005390
		j < $	0.002488
		$ > 0	0.002411
		$ <= 0	0.002093
		i <= $	0.001228
		k < $	0.001130
13775	n	$ < n	0.856404
		$ < m	0.021415
		$ >= 0	0.009288
		i < $	0.003738
		$ < data.length	0.003174
		i <= $	0.002238
		j < $	0.001594
		k < $	0.001022
		$ > 0	0.000970
		i < $.length	0.000747
14280	n	$ < n	0.250728
		$ < m	0.214872
		$ >= 0	0.054760
		$ > 0	0.019441
		j < $	0.018781
		i < $	0.018481
		$ < data.length	0.013314
		$ < nRows	0.006005
		$ < 0	0.005236
		i <= $	0.003875
4295	n	$ == null	0.036046
		$ == 0	0.015364
		$ != null	0.013079
		$.length == 0	0.011129
		i < $	0.010183
		$	0.007290
		$ >= 0	0.005030
		$ < 0	0.004686
		$ <= 0	0.004361
		$ > 0	0.003042
32	a	i < $	0.544056
		j < $	0.194706
		i <= $	0.084340
		$ < n	0.004974
		row < $	0.004211
		$ < nRows	0.003778
		k < $	0.001030
		$ < data.length	0.000922
		$ < 0	0.000670
		$ == 0	0.000665
34	a	$ == 0	0.832907
		$ < 0	0.094263
		$ > 0	0.021107
		i < $	0.001842
		$ < n	0.001171
		$ != 0	0.000584
		$ < nRows	0.000566
		j < $	0.000302
		$ < data.length	0.000279
		$ <= 0	0.000263
42	a	$ == 0	0.795108
		$ < 0	0.098822
		$ > 0	0.041598
		$ != 0	0.005465
		i < $	0.001530
		$ < n	0.001331
		i < $.length	0.000865
		$ < nRows	0.000643
		$ == null	0.000526
		j < $	0.000343
50	a	$ > 0	0.680419
		$ == 0	0.109976
		$ != 0	0.039939
		$ < 0	0.015205
		$ == null	0.009810
		i < $	0.009074
		$.length == 0	0.006233
		$ < nRows	0.004373
		$ < m	0.003414
		$ < n	0.002563
52	a	$ == 0	0.923015
		$ < 0	0.008567
		$ > 0	0.003429
		i < $	0.001839
		$ == null	0.001084
		$ != 0	0.001059
		$ < n	0.001002
		$ <= 0	0.000926
		$ < nRows	0.000405
		row < $	0.000371
56	a	$ == 0	0.883584
		$ < 0	0.025164
		$ > 0	0.007075
		$ != 0	0.006626
		$ == null	0.004838
		i < $	0.001761
		i < $.length	0.001622
		$ < n	0.001135
		$ <= 0	0.001079
		$ >= 0	0.000558
61	a	$ < 0	0.445915
		$ > 0	0.383374
		$ == 0	0.046089
		$ != 0	0.007637
		i < $	0.002788
		$ >= 0	0.002692
		i < $.length	0.002085
		$ < n	0.001980
		$ == null	0.001012
		row < $	0.000896
65	a	$ < 0	0.424922
		$ > 0	0.394064
		$ == 0	0.049299
		$ != 0	0.006832
		i < $	0.003211
		$ >= 0	0.002879
		$ < n	0.002118
		i < $.length	0.002012
		row < $	0.000958
		$ == null	0.000942
89	a	$ < 0	0.397165
		$ == null	0.125203
		i < $	0.087248
		$ == 0	0.076392
		$ > 0	0.075485
		$ != 0	0.013639
		row < $	0.010669
		$.length == 0	0.004715
		i < $.length	0.004455
		j < $	0.002176
3306	a	$ < 0	0.252192
		$ == 0	0.017990
		$ < m	0.014830
		$ > 0	0.013304
		i < $.length	0.007537
		$ == null	0.007172
		i < $	0.006341
		$ <= 0	0.005904
		$ != 0	0.004482
		$.length == 0	0.004336
3312	a	$ < 0	0.121305
		$ > 0	0.028679
		$ >= 0	0.024653
		$ == 0	0.016947
		i < $.length	0.014719
		$ != null	0.014067
		$ <= 0	0.009939
		$ == null	0.008188
		$ < m	0.007776
		$ != 0	0.007776
3315	a	$ <= 0	0.107034
		$ < 0	0.042104
		$ == null	0.024730
		$ == 0	0.013050
		i < $.length	0.008358
		i < $	0.007138
		$.length == 0	0.004976
		$ >= 0	0.003595
		$ < n	0.002950
		$ != 0	0.002572
2719	a	$ != null	0.819531
		$ == null	0.023772
		$.length == 0	0.002004
		i < $	0.001723
		i < $.length	0.001688
		$	0.001213
		$ <= 0	0.000790
		$ == 0	0.000588
		$ >= 0	0.000565
		$.hasNext()	0.000454
1858	a	$ != null	0.819531
		$ == null	0.023772
		$.length == 0	0.002004
		i < $	0.001723
		i < $.length	0.001688
		$	0.001213
		$ <= 0	0.000790
		$ == 0	0.000588
		$ >= 0	0.000565
		$.hasNext()	0.000454
14233	a	i < $	0.723740
		k < $	0.010937
		j < $	0.008847
		$ < n	0.005752
		i < $.length	0.004270
		$ != 0	0.003654
		$ > 0	0.002516
		row < $	0.001709
		$ < m	0.001394
		$.length == 0	0.001315
12418	a	$ >= 0	0.767020
		$ > 0	0.036771
		$ < n	0.023578
		$ < m	0.010298
		i < $	0.005402
		j < $	0.002143
		$ < data.length	0.001860
		i < $.length	0.001141
		$ == 0	0.000742
		$ < 0	0.000722
12419	a	i < $.length	0.951290
		$ == null	0.000849
		i < $	0.000518
		$	0.000380
		$ < n	0.000227
		j < $	0.000154
		$.hasNext()	0.000139
		$ == 0	0.000124
		$ > 0	0.000112
		$ != null	0.000108
14717	a	$ < 0	0.472121
		$ >= 0	0.373927
		$ == 0	0.044921
		$ == null	0.007955
		$ != 0	0.007095
		$ > 0	0.006007
		i < $	0.004107
		$ <= 0	0.003463
		i < $.length	0.002483
		$ < nRows	0.001641
14719	a	i < $.length	0.973755
		$ != null	0.002013
		$ == null	0.000793
		i < $	0.000259
		$	0.000186
		$ < n	0.000112
		j < $	0.000076
		$.hasNext()	0.000068
		$ == 0	0.000061
		$ >= 0	0.000055
14721	a	i < $.length	0.973755
		$ != null	0.002013
		$ == null	0.000793
		i < $	0.000259
		$	0.000186
		$ < n	0.000112
		j < $	0.000076
		$.hasNext()	0.000068
		$ == 0	0.000061
		$ >= 0	0.000055
3667	a	$ == null	0.053101
		$ != null	0.017393
		i < $	0.010351
		$ > 0	0.008049
		$ >= 0	0.007776
		$ == 0	0.007158
		$.hasNext()	0.007120
		$	0.007090
		$ <= 0	0.006548
		$ < 0	0.005993
3669	a	$ == null	0.049735
		$ != null	0.026769
		i < $.length	0.016377
		$ == 0	0.012915
		$.length == 0	0.011270
		i < $	0.010040
		$	0.006956
		$ < 0	0.006755
		$ <= 0	0.005635
		$ >= 0	0.004208
14498	a	$ >= 0	0.435824
		$ < 0	0.397646
		$ == 0	0.040135
		$ != 0	0.032505
		$ == null	0.007296
		$ > 0	0.006032
		i < $	0.003659
		$ <= 0	0.003199
		i < $.length	0.002277
		$ < nRows	0.001505
14499	a	i < $.length	0.955900
		$ == null	0.000767
		i < $	0.000468
		$	0.000343
		$ < n	0.000206
		j < $	0.000139
		$ >= 0	0.000138
		$.hasNext()	0.000125
		$ == 0	0.000119
		$ < 0	0.000091
3856	a	i < $	0.569709
		$ < 0	0.057809
		$ == 0	0.046988
		$ > 0	0.029264
		$ != 0	0.023324
		$ <= 0	0.007281
		$ == null	0.006156
		$ >= 0	0.005684
		k < $	0.003535
		$ != null	0.003471
3857	a	$ == 0	0.787939
		$ < 0	0.076155
		i < $	0.010038
		$ > 0	0.003577
		$ >= 0	0.002130
		$ == null	0.002049
		$ <= 0	0.001901
		k < $	0.001348
		$ < n	0.001303
		$ != 0	0.001242
3860	a	$	0.995717
		$ != null	0.000232
		$ >= 0	0.000166
		$ < 0	0.000063
		$ != 0	0.000058
		$ == null	0.000057
		$ == 0	0.000050
		i < $.length	0.000049
		i < $	0.000042
		$ <= 0	0.000037
3861	a	$ == 0	0.855764
		$ < 0	0.049433
		$ > 0	0.007246
		i < $	0.006158
		$ != 0	0.005512
		$ <= 0	0.002548
		$ == null	0.001441
		k < $	0.001169
		$ < n	0.001055
		$ >= 0	0.000616
3866	a	$	0.995192
		$ != null	0.000755
		$ != 0	0.000193
		$ < 0	0.000114
		i < $.length	0.000051
		i < $	0.000042
		$ < n	0.000039
		$ >= 0	0.000034
		$ == null	0.000033
		$ <= 0	0.000026
285	a	$	0.995579
		$ != null	0.000575
		$ == 0	0.000056
		$ >= 0	0.000053
		i < $	0.000047
		$ == null	0.000040
		$ != 0	0.000038
		i < $.length	0.000035
		$ <= 0	0.000029
		k < $	0.000029
290	a	$ < 0	0.806849
		$ != 0	0.017170
		$ == 0	0.016599
		$ <= 0	0.012367
		$ != null	0.008463
		i < $.length	0.002394
		$ == null	0.002202
		$ > 0	0.001327
		i < $	0.001280
		$.length == 0	0.001050
3333	a	i < $	0.457394
		j < $	0.271341
		i <= $	0.065504
		k < $	0.036415
		$ > 0	0.010887
		row < $	0.005654
		$ >= 0	0.002447
		$ < n	0.001252
		$ <= 0	0.000789
		i < $.length	0.000708
3338	a	$ <= 0	0.036275
		$ == 0	0.029584
		$ != 0	0.028427
		$ != null	0.017563
		$ < 0	0.017015
		$ == null	0.014419
		i < $.length	0.012209
		$ > 0	0.008622
		i < $	0.008226
		$.length == 0	0.003676
12356	a	i < $.length	0.983152
		$ == null	0.000714
		$ != 0	0.000406
		$ <= 0	0.000161
		i < $	0.000148
		$ == 0	0.000121
		$ != null	0.000110
		$ > 0	0.000099
		$ < n	0.000092
		$ < 0	0.000087
12357	a	i < $.length	0.961701
		$ == null	0.001119
		$ >= 0	0.000435
		i < $	0.000341
		$ != 0	0.000308
		$.length == 0	0.000273
		$ < 0	0.000243
		$ == 0	0.000231
		$ != null	0.000193
		$ < n	0.000176
12358	a	i < $.length	0.961712
		$ == null	0.001119
		$ >= 0	0.000435
		i < $	0.000341
		$ != 0	0.000308
		$.length == 0	0.000273
		$ < 0	0.000243
		$ == 0	0.000231
		$ != null	0.000193
		j < $	0.000163
12359	a	i < $.length	0.961699
		$ == null	0.001119
		$ >= 0	0.000435
		i < $	0.000341
		$ != 0	0.000308
		$.length == 0	0.000273
		$ < 0	0.000243
		$ == 0	0.000231
		$ != null	0.000193
		$ < n	0.000176
1230	a	$ < 0	0.619530
		$ == 0	0.180242
		$ <= 0	0.071252
		$ == null	0.008987
		i < $	0.008879
		$.length == 0	0.008773
		$ != 0	0.005839
		$ > 0	0.003976
		$ >= 0	0.002319
		k < $	0.001713
1084	a	i < $	0.540926
		j < $	0.068456
		k < $	0.028411
		row < $	0.019300
		$ < n	0.016623
		$ == 0	0.008983
		$ != 0	0.007172
		i <= $	0.006854
		$ > 0	0.005926
		$ < 0	0.003925
4261	a	$ >= 0	0.290137
		$ > 0	0.196913
		i <= $	0.138307
		$ < n	0.135945
		i < $	0.046302
		j < $	0.011287
		k < $	0.003970
		$ < m	0.003220
		row < $	0.001868
		$ < solvedCols	0.001671
38	useLong	$ < 0	0.704209
		$ == 0	0.100799
		$ > 0	0.069975
		$ != 0	0.006243
		i < $	0.004132
		$ < n	0.002934
		$ != null	0.001433
		$ < nRows	0.001282
		$ >= 0	0.000939
		$ <= 0	0.000936
