BuiltInConverters.java,responseBodyConverter,type,Type,0,RET,$ instanceof Class<?>=0.0151802534238,$ < count=0.0135380383581,toResolve == $=0.0124452365562,$ instanceof ParameterizedType=0.012008767575,$ instanceof GenericArrayType=0.0119437789544,$ instanceof WildcardType=0.0118143456057,$ != null=0.0117978397757,$.isSuccessful()=0.011502946727,$.isInterface()=0.0114679224789,RequestBody.class.isAssignableFrom(Utils.getRawType($))=0.0113644357771,
BuiltInConverters.java,responseBodyConverter,type,Type,0,RET,$ instanceof Class<?>=0.0151802534238,$ < count=0.0135380383581,toResolve == $=0.0124452365562,$ instanceof ParameterizedType=0.012008767575,$ instanceof GenericArrayType=0.0119437789544,$ instanceof WildcardType=0.0118143456057,$ != null=0.0117978397757,$.isSuccessful()=0.011502946727,$.isInterface()=0.0114679224789,RequestBody.class.isAssignableFrom(Utils.getRawType($))=0.0113644357771,
BuiltInConverters.java,requestBodyConverter,type,Type,0,RET,$ instanceof Class<?>=0.0151802534238,$ < count=0.0135380383581,toResolve == $=0.0124452365562,$ instanceof ParameterizedType=0.012008767575,$ instanceof GenericArrayType=0.0119437789544,$ instanceof WildcardType=0.0118143456057,$ != null=0.0117978397757,$.isSuccessful()=0.011502946727,$.isInterface()=0.0114679224789,RequestBody.class.isAssignableFrom(Utils.getRawType($))=0.0113644357771,
DefaultCallAdapterFactory.java,get,THIS,DefaultCallAdapterFactory,0,RET,$ != null=0.068358823657,$ == null=0.0202891342342,$.canceled=0.0160962250084,$.creationFailure instanceof IOException=0.013073769398,$.getRawType(returnType) != Call.class=0.0114176813513,$.creationFailure != null=0.0113722290844,$ instanceof WildcardType=0.0109385121614,$ instanceof TypeVariable=0.0106646344066,$=0.0103942705318,$ >= 0x7f=0.0103697665036,
DefaultCallAdapterFactory.java,get,returnType,Type,0,RET,$ instanceof Class<?>=0.01391482912,$ instanceof WildcardType=0.013072100468,getRawType($) != Call.class=0.0124405985698,$ instanceof ParameterizedType=0.012324235402,toResolve == $=0.0122852418572,$ instanceof GenericArrayType=0.0122575396672,$ != null=0.0121077671647,$.isInterface()=0.0117691820487,$.isSuccessful()=0.010928102769,$ instanceof Class=0.010530195199,
ExecutorCallAdapterFactory.java,get,THIS,ExecutorCallAdapterFactory,0,RET,$ != null=0.068358823657,$ == null=0.0202891342342,$.canceled=0.0160962250084,$.creationFailure instanceof IOException=0.013073769398,$.getRawType(returnType) != Call.class=0.0114176813513,$.creationFailure != null=0.0113722290844,$ instanceof WildcardType=0.0109385121614,$ instanceof TypeVariable=0.0106646344066,$=0.0103942705318,$ >= 0x7f=0.0103697665036,
ExecutorCallAdapterFactory.java,get,returnType,Type,0,RET,$ instanceof Class<?>=0.01391482912,$ instanceof WildcardType=0.013072100468,getRawType($) != Call.class=0.0124405985698,$ instanceof ParameterizedType=0.012324235402,toResolve == $=0.0122852418572,$ instanceof GenericArrayType=0.0122575396672,$ != null=0.0121077671647,$.isInterface()=0.0117691820487,$.isSuccessful()=0.010928102769,$ instanceof Class=0.010530195199,
OkHttpCall.java,request,call,Call,0,RET,$ != null=0.108296386898,$ == null=0.0253019407392,$.canceled=0.0149594843388,$.creationFailure instanceof IOException=0.012150477618,$ < count=0.0119835734367,$.creationFailure != null=0.0114128151909,$ instanceof TypeVariable=0.00991147942841,$.getRawType(returnType) != Call.class=0.00984505563974,argumentCount != $.length=0.00946350581944,$ instanceof WildcardType=0.00942924059927,
OkHttpCall.java,request,THIS,OkHttpCall,0,RuntimeException,$ != null=0.0359574742615,$ == null=0.020534420386,$.canceled=0.016290821135,$.creationFailure instanceof IOException=0.0132318250835,$ < count=0.0130500644445,$.creationFailure != null=0.0124285137281,$ instanceof TypeVariable=0.0107935648412,$.getRawType(returnType) != Call.class=0.0107212262228,argumentCount != $.length=0.0103057213128,$ instanceof WildcardType=0.0102684078738,
OkHttpCall.java,request,THIS,OkHttpCall,1,RuntimeException,$ != null=0.0359574742615,$ == null=0.020534420386,$.canceled=0.016290821135,$.creationFailure instanceof IOException=0.0132318250835,$ < count=0.0130500644445,$.creationFailure != null=0.0124285137281,$ instanceof TypeVariable=0.0107935648412,$.getRawType(returnType) != Call.class=0.0107212262228,argumentCount != $.length=0.0103057213128,$ instanceof WildcardType=0.0102684078738,
OkHttpCall.java,enqueue,THIS,OkHttpCall,0,IllegalStateException,$ == null=0.0417827740312,$ != null=0.0352926291525,$.canceled=0.0159896090627,$.creationFailure instanceof IOException=0.0129871731624,$ >= 0x7f=0.0119013143703,$.creationFailure != null=0.0117259668186,$.executed=0.0115919755772,$.getRawType(returnType) != Call.class=0.011342054233,$=0.0111094685271,$ == '%'=0.0105789266527,
OkHttpCall.java,enqueue,call,Call,0,DEF,$ != null=0.105689898133,$ == null=0.0511909648776,$.canceled=0.0145994378254,$=0.0119301909581,$.creationFailure instanceof IOException=0.0118580376729,$ >= 0x7f=0.0108665879816,$.creationFailure != null=0.0107064871117,$.executed=0.0105841448531,$.getRawType(returnType) != Call.class=0.0103559512645,$ == '%'=0.00965917110443,
OkHttpCall.java,enqueue,failure,Throwable,0,DEF,$ == null=0.0429800190032,$ != null=0.0294075682759,$=0.0141981197521,$ >= 0x7f=0.0108048105612,$ < limit=0.0106900436804,$ == '%'=0.0106896022335,PATH_SEGMENT_ALWAYS_ENCODE_SET.indexOf($) != -1=0.0106051731855,$.executed=0.0105216829106,$.canceled=0.0105100870132,a == $=0.0103206550702,
OkHttpCall.java,enqueue,failure,Throwable,0,RET,$ == null=0.0360001660883,$ != null=0.0294587612152,$=0.0120928948745,$ instanceof WildcardType=0.0118279401213,$ >= 0x7f=0.0108236204833,$ < limit=0.0107086533681,PATH_SEGMENT_ALWAYS_ENCODE_SET.indexOf($) != -1=0.0106236357242,$.canceled=0.0105283837765,a == $=0.010338621214,$ == '%'=0.0102919107303,
OkHttpCall.java,enqueue,THIS,OkHttpCall,0,DEF,$ == null=0.0417628474534,$ != null=0.035275798291,$.canceled=0.0159819833934,$=0.0130599662662,$.creationFailure instanceof IOException=0.012980978936,$ >= 0x7f=0.0118956379592,$.creationFailure != null=0.0117203742266,$.executed=0.0115864472464,$.getRawType(returnType) != Call.class=0.0113366451114,$ == '%'=0.0105738816783,
OkHttpCall.java,execute,THIS,OkHttpCall,0,IllegalStateException,$ != null=0.0358973518014,$ == null=0.0346649251878,$.canceled=0.016263583675,$.creationFailure instanceof IOException=0.0132097015157,$.creationFailure != null=0.0119268856943,$.executed=0.011790599674,$.getRawType(returnType) != Call.class=0.0115363933146,$ >= 0x7f=0.0108679421246,$=0.0105023449287,platform.isDefaultMethod($.method)=0.0104668578133,
OkHttpCall.java,execute,THIS,OkHttpCall,0,DEF,$ != null=0.035884976387,$ == null=0.0346529781818,$.canceled=0.0162579771131,$.creationFailure instanceof IOException=0.0132051482797,$=0.0123478816822,$.creationFailure != null=0.0119227739051,$.executed=0.0117865353823,$.getRawType(returnType) != Call.class=0.0115324165672,$ >= 0x7f=0.0108641963452,platform.isDefaultMethod($.method)=0.0104632498696,
OkHttpCall.java,execute,THIS,OkHttpCall,1,DEF,$ != null=0.035884976387,$ == null=0.0346529781818,$.canceled=0.0162579771131,$.creationFailure instanceof IOException=0.0132051482797,$=0.0123478816822,$.creationFailure != null=0.0119227739051,$.executed=0.0117865353823,$.getRawType(returnType) != Call.class=0.0115324165672,$ >= 0x7f=0.0108641963452,platform.isDefaultMethod($.method)=0.0104632498696,
OkHttpCall.java,execute,call,Call,0,DEF,$ != null=0.107617452741,$ == null=0.0425164662302,$.canceled=0.0148656992242,$.creationFailure instanceof IOException=0.012074302882,$=0.0112904496491,$.creationFailure != null=0.0109017491341,$.executed=0.0107771763578,$.getRawType(returnType) != Call.class=0.01054482162,$ >= 0x7f=0.0099338227883,platform.isDefaultMethod($.method)=0.00956721324474,
OkHttpCall.java,execute,THIS,OkHttpCall,0,DEF,$ != null=0.035884976387,$ == null=0.0346529781818,$.canceled=0.0162579771131,$.creationFailure instanceof IOException=0.0132051482797,$=0.0123478816822,$.creationFailure != null=0.0119227739051,$.executed=0.0117865353823,$.getRawType(returnType) != Call.class=0.0115324165672,$ >= 0x7f=0.0108641963452,platform.isDefaultMethod($.method)=0.0104632498696,
OkHttpCall.java,createRawCall,call,Call,0,NullPointerException,$ != null=0.105937540531,$ == null=0.0513109080493,$.canceled=0.0146336453035,$.creationFailure instanceof IOException=0.0118858227506,$ >= 0x7f=0.0108920494094,$.creationFailure != null=0.0107315732166,$.getRawType(returnType) != Call.class=0.0103802159429,$.executed=0.0102146426216,$=0.0101673556492,PATH_SEGMENT_ALWAYS_ENCODE_SET.indexOf($) != -1=0.00957479607314,
OkHttpCall.java,parseResponse,code,int,0,RET,i < $=0.0336986705661,$ < count=0.0277215093374,$=0.0198257546872,$ < start=0.0150382183492,$ != null=0.0113175380975,PATH_SEGMENT_ALWAYS_ENCODE_SET.indexOf($) != -1=0.0110123790801,$.canceled=0.0105245523155,$ == 204=0.010416995734,$ instanceof WildcardType=0.0102186985314,$ == '/'=0.0101871248335,
OkHttpCall.java,parseResponse,code,int,0,RET,i < $=0.0336986705661,$ < count=0.0277215093374,$=0.0198257546872,$ < start=0.0150382183492,$ != null=0.0113175380975,PATH_SEGMENT_ALWAYS_ENCODE_SET.indexOf($) != -1=0.0110123790801,$.canceled=0.0105245523155,$ == 204=0.010416995734,$ instanceof WildcardType=0.0102186985314,$ == '/'=0.0101871248335,
OkHttpCall.java,parseResponse,code,int,0,RET,i < $=0.0336986705661,$ < count=0.0277215093374,$=0.0198257546872,$ < start=0.0150382183492,$ != null=0.0113175380975,PATH_SEGMENT_ALWAYS_ENCODE_SET.indexOf($) != -1=0.0110123790801,$.canceled=0.0105245523155,$ == 204=0.010416995734,$ instanceof WildcardType=0.0102186985314,$ == '/'=0.0101871248335,
OkHttpCall.java,parseResponse,code,int,0,RET,i < $=0.0336986705661,$ < count=0.0277215093374,$=0.0198257546872,$ < start=0.0150382183492,$ != null=0.0113175380975,PATH_SEGMENT_ALWAYS_ENCODE_SET.indexOf($) != -1=0.0110123790801,$.canceled=0.0105245523155,$ == 204=0.010416995734,$ instanceof WildcardType=0.0102186985314,$ == '/'=0.0101871248335,
OkHttpCall.java,cancel,call,Call,0,DEF,$ != null=0.105421192944,$ == null=0.0510608181357,$.canceled=0.0145623199642,$=0.0144422845915,$.creationFailure instanceof IOException=0.0118278898299,$ >= 0x7f=0.0108389612287,$.creationFailure != null=0.0106792664155,$.executed=0.0105572352186,$.getRawType(returnType) != Call.class=0.0103296227753,$ == '%'=0.00963461399078,
OkHttpCall.java,isCanceled,THIS,OkHttpCall,0,RET,$ != null=0.0362525843084,$ == null=0.0207029525191,$.canceled=0.0164245255291,$.creationFailure instanceof IOException=0.0133404219523,$.creationFailure != null=0.0125305177644,$ instanceof TypeVariable=0.0108821503818,$.getRawType(returnType) != Call.class=0.010809218511,argumentCount != $.length=0.0103903030977,$ instanceof WildcardType=0.0103526832536,$=0.0102055529132,
Platform.java,findPlatform,THIS,Platform,0,RET,$ != null=0.0366429239511,$ == null=0.0209258664399,$.canceled=0.0166013725102,$.creationFailure instanceof IOException=0.0134840616956,$.getRawType(returnType) != Call.class=0.01177599933,$.creationFailure != null=0.0117291240022,$ instanceof WildcardType=0.0112817948684,$ instanceof TypeVariable=0.0109993210062,$=0.0107204737142,$ >= 0x7f=0.0106952013448,
Platform.java,defaultCallAdapterFactory,callbackExecutor,Executor,0,RET,$ != null=0.106088683009,$ == null=0.0429646670818,$.canceled=0.0146545246243,$.creationFailure instanceof IOException=0.0119027802721,$ >= 0x7f=0.0109075894579,$.creationFailure != null=0.0107468841597,$.getRawType(returnType) != Call.class=0.0103950258344,$.executed=0.0102292159572,$=0.0101818619296,$ instanceof WildcardType=0.00995877478272,
RequestBuilder.java,RequestBuilder,headers,Headers,0,DEF,$ != null=0.109614886343,$ == null=0.0530920363963,$=0.0150168044493,$.canceled=0.0121608814225,$.creationFailure instanceof IOException=0.0114541426301,$.getRawType(returnType) != Call.class=0.0103474752977,$.executed=0.0102252624929,$ >= 0x7f=0.00941607356071,$ < limit=0.0093160578981,$ == '%'=0.0093156741932,
RequestBuilder.java,RequestBuilder,isFormEncoded,boolean,1,DEF,$=0.0387803576887,PATH_SEGMENT_ALWAYS_ENCODE_SET.indexOf($) != -1=0.0134699847549,i < $=0.0133750298992,$ == '%'=0.0122016491368,$ != null=0.0119469081983,$ < limit=0.0117638846859,$ < start=0.0115375006571,$ == null=0.0114857200533,$ == '/'=0.0111298598349,$ < 0x20=0.0107972947881,
RequestBuilder.java,RequestBuilder,isMultipart,boolean,0,DEF,$=0.0327713117003,PATH_SEGMENT_ALWAYS_ENCODE_SET.indexOf($) != -1=0.0134926177561,i < $=0.0133975027129,$ == '%'=0.0122221531346,$ != null=0.0119669819251,$ < limit=0.0117836520076,$ < start=0.0115568870679,$ == null=0.0115050189197,$ == '/'=0.0111485617235,$ < 0x20=0.0108154360205,
RequestBuilder.java,addHeader,name,String,1,IllegalArgumentException,$ == null=0.0573157034814,$ != null=0.0287140589207,$=0.0116283670068,$ < limit=0.0104242442176,$.creationFailure instanceof IOException=0.0103056645021,$ >= 0x7f=0.0101651577279,int.class == $=0.0100606726483,$ == '%'=0.0100567694753,PATH_SEGMENT_ALWAYS_ENCODE_SET.indexOf($) != -1=0.0099773388356,$.executed=0.00989879015833,
RequestBuilder.java,addHeader,type,MediaType,0,IllegalArgumentException,$ != null=0.103312388062,$ == null=0.0450010411441,$ instanceof Class<?>=0.0128188179806,$.isInterface()=0.0124378148466,$.canceled=0.0114616705105,$.creationFailure instanceof IOException=0.0107955671847,toResolve == $=0.0104970149696,getRawType($) != Call.class=0.0102364355698,$=0.010152134113,$.getRawType(returnType) != Call.class=0.00975252874196,
RequestBuilder.java,addPathParam,THIS,RequestBuilder,0,AssertionError,$ == null=0.041864912957,$ != null=0.0353620089591,$=0.0158889815211,$.canceled=0.0133723001927,$.creationFailure instanceof IOException=0.0125084659085,$ >= 0x7f=0.0119247101247,$.executed=0.0116147641093,$.getRawType(returnType) != Call.class=0.0113643510267,$.creationFailure != null=0.0109234014526,$ == '%'=0.0105997230858,
RequestBuilder.java,canonicalizeForPath,i,int,0,NIL-FOR,i < $=0.076817445457,$=0.0269303806126,$ < count=0.0156740881503,PATH_SEGMENT_ALWAYS_ENCODE_SET.indexOf($) != -1=0.0127723431215,$ < start=0.0121729709208,$ != null=0.0113281514496,$ < limit=0.0111546078697,$ == '%'=0.0111199086532,$ == null=0.010890849866,$ == '/'=0.0105534205213,
RequestBuilder.java,canonicalizeForPath,limit,int,0,NIL-FOR,i < $=0.0753786712885,$=0.0222937930375,$ < count=0.0153805147856,PATH_SEGMENT_ALWAYS_ENCODE_SET.indexOf($) != -1=0.0125331189483,$ < start=0.01194497291,$ != null=0.0111159766093,$ < limit=0.0109456833452,$ == '%'=0.0109116341919,$ == null=0.0106868660077,$ == '/'=0.0103557566181,
RequestBuilder.java,canonicalizeForPath,codePoint,int,0,RET,i < $=0.0335876904428,$=0.0268165394664,$ < count=0.015607830137,PATH_SEGMENT_ALWAYS_ENCODE_SET.indexOf($) != -1=0.0136335715652,$ < start=0.0121215106919,$ >= 0x7f=0.0120270736516,$ == '%'=0.0119075700641,$ < 0x20=0.0113569349051,$ == '/'=0.0113432593644,$ != null=0.0112802656367,
RequestBuilder.java,canonicalizeForPath,codePoint,int,0,RET,i < $=0.0335876904428,$=0.0268165394664,$ < count=0.015607830137,PATH_SEGMENT_ALWAYS_ENCODE_SET.indexOf($) != -1=0.0136335715652,$ < start=0.0121215106919,$ >= 0x7f=0.0120270736516,$ == '%'=0.0119075700641,$ < 0x20=0.0113569349051,$ == '/'=0.0113432593644,$ != null=0.0112802656367,
RequestBuilder.java,canonicalizeForPath,codePoint,int,0,RET,i < $=0.0335876904428,$=0.0268165394664,$ < count=0.015607830137,PATH_SEGMENT_ALWAYS_ENCODE_SET.indexOf($) != -1=0.0136335715652,$ < start=0.0121215106919,$ >= 0x7f=0.0120270736516,$ == '%'=0.0119075700641,$ < 0x20=0.0113569349051,$ == '/'=0.0113432593644,$ != null=0.0112802656367,
RequestBuilder.java,canonicalizeForPath,codePoint,int,0,RET,i < $=0.0335876904428,$=0.0268165394664,$ < count=0.015607830137,PATH_SEGMENT_ALWAYS_ENCODE_SET.indexOf($) != -1=0.0136335715652,$ < start=0.0121215106919,$ >= 0x7f=0.0120270736516,$ == '%'=0.0119075700641,$ < 0x20=0.0113569349051,$ == '/'=0.0113432593644,$ != null=0.0112802656367,
RequestBuilder.java,canonicalizeForPath,codePoint,int,0,RET,i < $=0.0335876904428,$=0.0268165394664,$ < count=0.015607830137,PATH_SEGMENT_ALWAYS_ENCODE_SET.indexOf($) != -1=0.0136335715652,$ < start=0.0121215106919,$ >= 0x7f=0.0120270736516,$ == '%'=0.0119075700641,$ < 0x20=0.0113569349051,$ == '/'=0.0113432593644,$ != null=0.0112802656367,
RequestBuilder.java,canonicalizeForPath,alreadyEncoded,boolean,0,RET,$=0.0319217145443,PATH_SEGMENT_ALWAYS_ENCODE_SET.indexOf($) != -1=0.0139790009707,$.canceled=0.0124785257503,$ >= 0x7f=0.012331799604,$ == '%'=0.0122092682868,$ < 0x20=0.0116446819156,$ == '/'=0.0116306608543,$ != null=0.0115660708398,$ instanceof WildcardType=0.0112590976059,$ < start=0.0111697139218,
RequestBuilder.java,canonicalizeForPath,i,int,0,NIL-FOR,i < $=0.076817445457,$=0.0269303806126,$ < count=0.0156740881503,PATH_SEGMENT_ALWAYS_ENCODE_SET.indexOf($) != -1=0.0127723431215,$ < start=0.0121729709208,$ != null=0.0113281514496,$ < limit=0.0111546078697,$ == '%'=0.0111199086532,$ == null=0.010890849866,$ == '/'=0.0105534205213,
RequestBuilder.java,canonicalizeForPath,limit,int,0,NIL-FOR,i < $=0.0753786712885,$=0.0222937930375,$ < count=0.0153805147856,PATH_SEGMENT_ALWAYS_ENCODE_SET.indexOf($) != -1=0.0125331189483,$ < start=0.01194497291,$ != null=0.0111159766093,$ < limit=0.0109456833452,$ == '%'=0.0109116341919,$ == null=0.0106868660077,$ == '/'=0.0103557566181,
RequestBuilder.java,canonicalizeForPath,codePoint,int,1,DEF,i < $=0.0336446948349,$=0.0315482467413,$ < count=0.0156120201573,PATH_SEGMENT_ALWAYS_ENCODE_SET.indexOf($) != -1=0.0136372307315,$ == '%'=0.0123925479129,$ < start=0.0121247656643,$ >= 0x7f=0.0120303025469,$ < 0x20=0.0113599831238,$ == '/'=0.0113463047892,$ != null=0.0112832942978,
RequestBuilder.java,canonicalizeForPath,codePoint,int,1,DEF,i < $=0.0336446948349,$=0.0315482467413,$ < count=0.0156120201573,PATH_SEGMENT_ALWAYS_ENCODE_SET.indexOf($) != -1=0.0136372307315,$ == '%'=0.0123925479129,$ < start=0.0121247656643,$ >= 0x7f=0.0120303025469,$ < 0x20=0.0113599831238,$ == '/'=0.0113463047892,$ != null=0.0112832942978,
RequestBuilder.java,canonicalizeForPath,codePoint,int,1,DEF,i < $=0.0336446948349,$=0.0315482467413,$ < count=0.0156120201573,PATH_SEGMENT_ALWAYS_ENCODE_SET.indexOf($) != -1=0.0136372307315,$ == '%'=0.0123925479129,$ < start=0.0121247656643,$ >= 0x7f=0.0120303025469,$ < 0x20=0.0113599831238,$ == '/'=0.0113463047892,$ != null=0.0112832942978,
RequestBuilder.java,canonicalizeForPath,codePoint,int,1,DEF,i < $=0.0336446948349,$=0.0315482467413,$ < count=0.0156120201573,PATH_SEGMENT_ALWAYS_ENCODE_SET.indexOf($) != -1=0.0136372307315,$ == '%'=0.0123925479129,$ < start=0.0121247656643,$ >= 0x7f=0.0120303025469,$ < 0x20=0.0113599831238,$ == '/'=0.0113463047892,$ != null=0.0112832942978,
RequestBuilder.java,canonicalizeForPath,alreadyEncoded,boolean,1,DEF,$=0.0375367067754,PATH_SEGMENT_ALWAYS_ENCODE_SET.indexOf($) != -1=0.01397623308,$ == '%'=0.0127006089315,$.canceled=0.0124760549515,$ >= 0x7f=0.0123293595389,$ < 0x20=0.0116423768923,$ == '/'=0.0116283576936,$ != null=0.0115637807176,$ < start=0.0111675029621,$ == '\t'=0.0111409481615,
RequestBuilder.java,canonicalizeForPath,codePoint,int,1,DEF,i < $=0.0336446948349,$=0.0315482467413,$ < count=0.0156120201573,PATH_SEGMENT_ALWAYS_ENCODE_SET.indexOf($) != -1=0.0136372307315,$ == '%'=0.0123925479129,$ < start=0.0121247656643,$ >= 0x7f=0.0120303025469,$ < 0x20=0.0113599831238,$ == '/'=0.0113463047892,$ != null=0.0112832942978,
RequestBuilder.java,canonicalizeForPath,codePoint,int,1,DEF,i < $=0.0336446948349,$=0.0315482467413,$ < count=0.0156120201573,PATH_SEGMENT_ALWAYS_ENCODE_SET.indexOf($) != -1=0.0136372307315,$ == '%'=0.0123925479129,$ < start=0.0121247656643,$ >= 0x7f=0.0120303025469,$ < 0x20=0.0113599831238,$ == '/'=0.0113463047892,$ != null=0.0112832942978,
RequestBuilder.java,canonicalizeForPath,codePoint,int,1,DEF,i < $=0.0336446948349,$=0.0315482467413,$ < count=0.0156120201573,PATH_SEGMENT_ALWAYS_ENCODE_SET.indexOf($) != -1=0.0136372307315,$ == '%'=0.0123925479129,$ < start=0.0121247656643,$ >= 0x7f=0.0120303025469,$ < 0x20=0.0113599831238,$ == '/'=0.0113463047892,$ != null=0.0112832942978,
RequestBuilder.java,canonicalizeForPath,codePoint,int,1,DEF,i < $=0.0336446948349,$=0.0315482467413,$ < count=0.0156120201573,PATH_SEGMENT_ALWAYS_ENCODE_SET.indexOf($) != -1=0.0136372307315,$ == '%'=0.0123925479129,$ < start=0.0121247656643,$ >= 0x7f=0.0120303025469,$ < 0x20=0.0113599831238,$ == '/'=0.0113463047892,$ != null=0.0112832942978,
RequestBuilder.java,canonicalizeForPath,codePoint,int,1,DEF,i < $=0.0336446948349,$=0.0315482467413,$ < count=0.0156120201573,PATH_SEGMENT_ALWAYS_ENCODE_SET.indexOf($) != -1=0.0136372307315,$ == '%'=0.0123925479129,$ < start=0.0121247656643,$ >= 0x7f=0.0120303025469,$ < 0x20=0.0113599831238,$ == '/'=0.0113463047892,$ != null=0.0112832942978,
RequestBuilder.java,canonicalizeForPath,alreadyEncoded,boolean,1,DEF,$=0.0375367067754,PATH_SEGMENT_ALWAYS_ENCODE_SET.indexOf($) != -1=0.01397623308,$ == '%'=0.0127006089315,$.canceled=0.0124760549515,$ >= 0x7f=0.0123293595389,$ < 0x20=0.0116423768923,$ == '/'=0.0116283576936,$ != null=0.0115637807176,$ < start=0.0111675029621,$ == '\t'=0.0111409481615,
RequestBuilder.java,canonicalizeForPath,utf8Buffer,Buffer,0,DEF,$ != null=0.103127978742,$ == null=0.0449207164347,$ instanceof Class<?>=0.0127959372476,$.isInterface()=0.0124156139791,$=0.0119189321995,$.canceled=0.0114412121475,$.creationFailure instanceof IOException=0.0107762971893,toResolve == $=0.0104782776907,getRawType($) != Call.class=0.0102181639522,$.getRawType(returnType) != Call.class=0.00973512139171,
RequestBuilder.java,canonicalizeForPath,utf8Buffer,Buffer,0,NIL-WHILE,$ != null=0.103389985859,$ == null=0.0450348444283,$ instanceof Class<?>=0.0128284469247,$.isInterface()=0.0124471578747,$.canceled=0.0114702796564,$.creationFailure instanceof IOException=0.010803675279,toResolve == $=0.0105048995465,getRawType($) != Call.class=0.010244124569,$=0.0101597597823,$.getRawType(returnType) != Call.class=0.00975985452533,
RequestBuilder.java,addQueryParam,THIS,RequestBuilder,0,IllegalArgumentException,$ == null=0.0419647656381,$ != null=0.0354463495314,$=0.0135417487472,$.canceled=0.0134041942656,$.creationFailure instanceof IOException=0.0125382998958,$ >= 0x7f=0.0119531517848,$.executed=0.0116424653679,$.getRawType(returnType) != Call.class=0.0113914562389,$.creationFailure != null=0.0109494542703,$ == '%'=0.010625003837,
RequestBuilder.java,addQueryParam,THIS,RequestBuilder,0,IllegalArgumentException,$ == null=0.0419647656381,$ != null=0.0354463495314,$=0.0135417487472,$.canceled=0.0134041942656,$.creationFailure instanceof IOException=0.0125382998958,$ >= 0x7f=0.0119531517848,$.executed=0.0116424653679,$.getRawType(returnType) != Call.class=0.0113914562389,$.creationFailure != null=0.0109494542703,$ == '%'=0.010625003837,
RequestBuilder.java,addQueryParam,encoded,boolean,1,DEF,$=0.0390807054937,PATH_SEGMENT_ALWAYS_ENCODE_SET.indexOf($) != -1=0.0145511189476,i < $=0.0134786171839,$ == '%'=0.0122961495072,$ != null=0.0120394350961,$ < start=0.0116268564016,$ == null=0.0115746743977,$ < limit=0.0114375539124,$ == '/'=0.0112160593271,$ < 0x20=0.010880918242,
RequestBuilder.java,addFormField,encoded,boolean,1,DEF,$=0.0390807054937,PATH_SEGMENT_ALWAYS_ENCODE_SET.indexOf($) != -1=0.0145511189476,i < $=0.0134786171839,$ == '%'=0.0122961495072,$ != null=0.0120394350961,$ < start=0.0116268564016,$ == null=0.0115746743977,$ < limit=0.0114375539124,$ == '/'=0.0112160593271,$ < 0x20=0.010880918242,
RequestBuilder.java,build,urlBuilder,Builder,1,DEF,$ != null=0.103127978742,$ == null=0.0449207164347,$ instanceof Class<?>=0.0127959372476,$.isInterface()=0.0124156139791,$=0.0119189321995,$.canceled=0.0114412121475,$.creationFailure instanceof IOException=0.0107762971893,toResolve == $=0.0104782776907,getRawType($) != Call.class=0.0102181639522,$.getRawType(returnType) != Call.class=0.00973512139171,
RequestBuilder.java,build,url,HttpUrl,0,IllegalArgumentException,$ != null=0.103312388062,$ == null=0.0450010411441,$ instanceof Class<?>=0.0128188179806,$.isInterface()=0.0124378148466,$.canceled=0.0114616705105,$.creationFailure instanceof IOException=0.0107955671847,toResolve == $=0.0104970149696,getRawType($) != Call.class=0.0102364355698,$=0.010152134113,$.getRawType(returnType) != Call.class=0.00975252874196,
RequestBuilder.java,build,body,RequestBody,0,DEF,$ != null=0.0581249184906,$ == null=0.0489998236299,$=0.0153212659061,$.canceled=0.0143635524437,$.creationFailure instanceof IOException=0.0125477565452,$ >= 0x7f=0.0114986384287,$.creationFailure != null=0.0113292234018,$.executed=0.0111997658387,$.getRawType(returnType) != Call.class=0.0109582999721,$ == '%'=0.0102209923789,
RequestBuilder.java,build,THIS,RequestBuilder,1,DEF,$ == null=0.041864912957,$ != null=0.0353620089591,$=0.0158889815211,$.canceled=0.0133723001927,$.creationFailure instanceof IOException=0.0125084659085,$ >= 0x7f=0.0119247101247,$.executed=0.0116147641093,$.getRawType(returnType) != Call.class=0.0113643510267,$.creationFailure != null=0.0109234014526,$ == '%'=0.0105997230858,
RequestBuilder.java,build,THIS,RequestBuilder,1,DEF,$ == null=0.041864912957,$ != null=0.0353620089591,$=0.0158889815211,$.canceled=0.0133723001927,$.creationFailure instanceof IOException=0.0125084659085,$ >= 0x7f=0.0119247101247,$.executed=0.0116147641093,$.getRawType(returnType) != Call.class=0.0113643510267,$.creationFailure != null=0.0109234014526,$ == '%'=0.0105997230858,
RequestBuilder.java,build,THIS,RequestBuilder,0,DEF,$ == null=0.041864912957,$ != null=0.0353620089591,$=0.0158889815211,$.canceled=0.0133723001927,$.creationFailure instanceof IOException=0.0125084659085,$ >= 0x7f=0.0119247101247,$.executed=0.0116147641093,$.getRawType(returnType) != Call.class=0.0113643510267,$.creationFailure != null=0.0109234014526,$ == '%'=0.0105997230858,
RequestBuilder.java,build,contentType,MediaType,0,DEF,$ != null=0.106599867344,$ == null=0.0516317076981,$=0.0146037591621,$.canceled=0.0126921031624,$.creationFailure instanceof IOException=0.0119601339102,$.creationFailure != null=0.0107986675575,$.executed=0.010675271973,$ >= 0x7f=0.010212123394,$.getRawType(returnType) != Call.class=0.0100628621876,$ == '%'=0.00974233541638,
RequestBuilder.java,build,body,RequestBody,1,DEF,$ != null=0.0581249184906,$ == null=0.0489998236299,$=0.0153212659061,$.canceled=0.0143635524437,$.creationFailure instanceof IOException=0.0125477565452,$ >= 0x7f=0.0114986384287,$.creationFailure != null=0.0113292234018,$.executed=0.0111997658387,$.getRawType(returnType) != Call.class=0.0109582999721,$ == '%'=0.0102209923789,
Response.java,success,rawResponse,okhttp3.Response,0,IllegalArgumentException,i < $=0.0589785724878,$ < count=0.0266699213535,$=0.0160911623389,$ < start=0.0144677590579,$.isSuccessful()=0.0122610460967,$ != null=0.0108882170171,$.length == 1=0.0106477523223,RequestBody.class.isAssignableFrom(Utils.getRawType($))=0.0104882288724,toResolve == $=0.0100048128515,PATH_SEGMENT_ALWAYS_ENCODE_SET.indexOf($) != -1=0.00988341867924,
Response.java,error,code,int,0,IllegalArgumentException,i < $=0.0344425104558,$=0.0210289768875,$ < count=0.0159822273999,PATH_SEGMENT_ALWAYS_ENCODE_SET.indexOf($) != -1=0.0125332158059,$ < start=0.012412278913,$ == '%'=0.0122141186148,$ < 0x20=0.0116293616593,$ != null=0.0115508548915,$ == '\t'=0.011128494516,$ >= 0x7f=0.0110567817464,
Response.java,error,rawResponse,okhttp3.Response,0,IllegalArgumentException,i < $=0.0597079247236,$=0.0169297847897,$ < count=0.0152516821399,$.isSuccessful()=0.0119760744274,$ < start=0.0118449172005,PATH_SEGMENT_ALWAYS_ENCODE_SET.indexOf($) != -1=0.0111574316397,$ != null=0.0110228657722,$ == '%'=0.0108387926593,getRawType($) != Call.class=0.0105383638293,$ instanceof Class=0.0100822122768,
Retrofit.java,create,THIS,Retrofit,0,DEF,$ == null=0.0427301935852,$ != null=0.0360928848386,$=0.0133624719456,$ >= 0x7f=0.011337891221,$.executed=0.011049172841,$.creationFailure != null=0.0107382936403,platform.isDefaultMethod($.method)=0.0105238715187,$.Build.VERSION.SDK_INT != 0=0.0105219343677,$ == '%'=0.0103921834379,a == $=0.010088307783,
Retrofit.java,eagerlyValidateMethods,THIS,Retrofit,0,DEF,$ == null=0.0427301935852,$ != null=0.0360928848386,$=0.0133624719456,$ >= 0x7f=0.011337891221,$.executed=0.011049172841,$.creationFailure != null=0.0107382936403,platform.isDefaultMethod($.method)=0.0105238715187,$.Build.VERSION.SDK_INT != 0=0.0105219343677,$ == '%'=0.0103921834379,a == $=0.010088307783,
Retrofit.java,eagerlyValidateMethods,platform,Platform,0,DEF,$ != null=0.0579499900341,$ == null=0.048567738384,$.isInterface()=0.0108342841268,$=0.0106180440634,$.executed=0.0104011809453,byte.class == $=0.00992056168616,toResolve == $=0.00986830331385,$ instanceof Class=0.00983463134617,$.isSuccessful()=0.00972946546972,$.creationFailure instanceof IOException=0.00971092283726,
Retrofit.java,loadServiceMethod,result,ServiceMethod<?,?>,0,RET,$ != null=0.05978493765,$ == null=0.0241694226861,toResolve == $=0.0121509544551,$.isInterface()=0.0116001088172,$ instanceof GenericArrayType=0.011229862459,$ instanceof WildcardType=0.0111081646755,$.isSuccessful()=0.0108153801411,getRawType($) != Call.class=0.0106848850846,$ instanceof Class<?>=0.0106763588265,RequestBody.class.isAssignableFrom(Utils.getRawType($))=0.0102714560926,
Retrofit.java,loadServiceMethod,result,ServiceMethod<?,?>,0,DEF,$ != null=0.0598449744284,$ == null=0.0289347544312,toResolve == $=0.0121631566435,$.isInterface()=0.0116117578,$.isSuccessful()=0.0108262421563,getRawType($) != Call.class=0.010695614852,$ instanceof Class<?>=0.0106870811433,RequestBody.class.isAssignableFrom(Utils.getRawType($))=0.0102817704901,$ != originalUpperBound[0]=0.0102369524539,$=0.0101913902909,
Retrofit.java,nextCallAdapter,i,int,0,NIL-FOR,i < $=0.085960753262,$ < count=0.0278070997447,$=0.0198869649321,$ < start=0.0150846494362,$ != null=0.0113524794579,toFind.equals(array[$])=0.00999360159039,$.length == 1=0.00960232596844,PATH_SEGMENT_ALWAYS_ENCODE_SET.indexOf($) != -1=0.00957813952118,$ == '/'=0.009466862306,$.isSuccessful()=0.00926041230559,
Retrofit.java,nextCallAdapter,count,int,0,NIL-FOR,i < $=0.0849477127194,$ < count=0.027479397133,$=0.0196525994688,$ < start=0.0149068785831,$ != null=0.011218692176,PATH_SEGMENT_ALWAYS_ENCODE_SET.indexOf($) != -1=0.0101463878527,toFind.equals(array[$])=0.00987582746893,$.creationFailure != null=0.00950295850635,$.length == 1=0.00948916375637,$ == '/'=0.00935529638082,
Retrofit.java,nextCallAdapter,adapter,CallAdapter<?,?>,0,RET,$ != null=0.0877387449145,$ == null=0.0196675732732,$ < count=0.0124991666526,$.canceled=0.0117129143327,$.creationFailure != null=0.0114651639014,$.creationFailure instanceof IOException=0.0105627728626,$ instanceof TypeVariable=0.0103379236534,argumentCount != $.length=0.00987067259848,$ instanceof WildcardType=0.00983493309468,$=0.00969516206533,
Retrofit.java,nextCallAdapter,skipPast,CallAdapter.Factory,0,DEF,$ != null=0.106454305351,$ == null=0.0267504490912,$.isInterface()=0.0128160724416,$ instanceof Class<?>=0.0126904230565,$ < count=0.0117797376588,toResolve == $=0.0112449517474,$.isSuccessful()=0.010008960031,RequestBody.class.isAssignableFrom(Utils.getRawType($))=0.00988843757659,getRawType($) != Call.class=0.00988819543272,$ != originalUpperBound[0]=0.00946415681392,
Retrofit.java,nextCallAdapter,i,int,0,NIL-FOR,i < $=0.085960753262,$ < count=0.0278070997447,$=0.0198869649321,$ < start=0.0150846494362,$ != null=0.0113524794579,toFind.equals(array[$])=0.00999360159039,$.length == 1=0.00960232596844,PATH_SEGMENT_ALWAYS_ENCODE_SET.indexOf($) != -1=0.00957813952118,$ == '/'=0.009466862306,$.isSuccessful()=0.00926041230559,
Retrofit.java,nextCallAdapter,start,int,0,NIL-FOR,i < $=0.0802941322327,$ < count=0.0259740278125,$=0.0156712979078,$ < start=0.0140902539715,$ instanceof Class<?>=0.0131089547649,$.isSuccessful()=0.0119411200285,toResolve == $=0.0111860055476,$ != null=0.0106041124091,$.length == 1=0.0103699211031,$.isInterface()=0.0103075765073,
Retrofit.java,nextCallAdapter,i,int,0,NIL-FOR,i < $=0.085960753262,$ < count=0.0278070997447,$=0.0198869649321,$ < start=0.0150846494362,$ != null=0.0113524794579,toFind.equals(array[$])=0.00999360159039,$.length == 1=0.00960232596844,PATH_SEGMENT_ALWAYS_ENCODE_SET.indexOf($) != -1=0.00957813952118,$ == '/'=0.009466862306,$.isSuccessful()=0.00926041230559,
Retrofit.java,nextCallAdapter,count,int,0,NIL-FOR,i < $=0.0849477127194,$ < count=0.027479397133,$=0.0196525994688,$ < start=0.0149068785831,$ != null=0.011218692176,PATH_SEGMENT_ALWAYS_ENCODE_SET.indexOf($) != -1=0.0101463878527,toFind.equals(array[$])=0.00987582746893,$.creationFailure != null=0.00950295850635,$.length == 1=0.00948916375637,$ == '/'=0.00935529638082,
Retrofit.java,nextRequestBodyConverter,i,int,0,NIL-FOR,i < $=0.085960753262,$ < count=0.0278070997447,$=0.0198869649321,$ < start=0.0150846494362,$ != null=0.0113524794579,toFind.equals(array[$])=0.00999360159039,$.length == 1=0.00960232596844,PATH_SEGMENT_ALWAYS_ENCODE_SET.indexOf($) != -1=0.00957813952118,$ == '/'=0.009466862306,$.isSuccessful()=0.00926041230559,
Retrofit.java,nextRequestBodyConverter,count,int,0,NIL-FOR,i < $=0.0849477127194,$ < count=0.027479397133,$=0.0196525994688,$ < start=0.0149068785831,$ != null=0.011218692176,PATH_SEGMENT_ALWAYS_ENCODE_SET.indexOf($) != -1=0.0101463878527,toFind.equals(array[$])=0.00987582746893,$.creationFailure != null=0.00950295850635,$.length == 1=0.00948916375637,$ == '/'=0.00935529638082,
Retrofit.java,nextRequestBodyConverter,converter,Converter<?,RequestBody>,0,RET,$ != null=0.11172901094,$ == null=0.0261039249599,$ < count=0.0123634114861,$.creationFailure != null=0.01134063676,argumentCount != $.length=0.00976346619427,$.creationFailure instanceof IOException=0.0097308056429,$ instanceof WildcardType=0.00972811505198,$=0.00958986114711,$.canceled=0.0093049723655,argumentCount != handlers.$.length=0.00914887525141,
Retrofit.java,nextRequestBodyConverter,skipPast,Converter.Factory,0,DEF,$ != null=0.106454305351,$ == null=0.0267504490912,$.isInterface()=0.0128160724416,$ instanceof Class<?>=0.0126904230565,$ < count=0.0117797376588,toResolve == $=0.0112449517474,$.isSuccessful()=0.010008960031,RequestBody.class.isAssignableFrom(Utils.getRawType($))=0.00988843757659,getRawType($) != Call.class=0.00988819543272,$ != originalUpperBound[0]=0.00946415681392,
Retrofit.java,nextRequestBodyConverter,i,int,0,NIL-FOR,i < $=0.085960753262,$ < count=0.0278070997447,$=0.0198869649321,$ < start=0.0150846494362,$ != null=0.0113524794579,toFind.equals(array[$])=0.00999360159039,$.length == 1=0.00960232596844,PATH_SEGMENT_ALWAYS_ENCODE_SET.indexOf($) != -1=0.00957813952118,$ == '/'=0.009466862306,$.isSuccessful()=0.00926041230559,
Retrofit.java,nextRequestBodyConverter,start,int,0,NIL-FOR,i < $=0.0802941322327,$ < count=0.0259740278125,$=0.0156712979078,$ < start=0.0140902539715,$ instanceof Class<?>=0.0131089547649,$.isSuccessful()=0.0119411200285,toResolve == $=0.0111860055476,$ != null=0.0106041124091,$.length == 1=0.0103699211031,$.isInterface()=0.0103075765073,
Retrofit.java,nextRequestBodyConverter,i,int,0,NIL-FOR,i < $=0.085960753262,$ < count=0.0278070997447,$=0.0198869649321,$ < start=0.0150846494362,$ != null=0.0113524794579,toFind.equals(array[$])=0.00999360159039,$.length == 1=0.00960232596844,PATH_SEGMENT_ALWAYS_ENCODE_SET.indexOf($) != -1=0.00957813952118,$ == '/'=0.009466862306,$.isSuccessful()=0.00926041230559,
Retrofit.java,nextRequestBodyConverter,count,int,0,NIL-FOR,i < $=0.0849477127194,$ < count=0.027479397133,$=0.0196525994688,$ < start=0.0149068785831,$ != null=0.011218692176,PATH_SEGMENT_ALWAYS_ENCODE_SET.indexOf($) != -1=0.0101463878527,toFind.equals(array[$])=0.00987582746893,$.creationFailure != null=0.00950295850635,$.length == 1=0.00948916375637,$ == '/'=0.00935529638082,
Retrofit.java,nextResponseBodyConverter,i,int,0,NIL-FOR,i < $=0.085960753262,$ < count=0.0278070997447,$=0.0198869649321,$ < start=0.0150846494362,$ != null=0.0113524794579,toFind.equals(array[$])=0.00999360159039,$.length == 1=0.00960232596844,PATH_SEGMENT_ALWAYS_ENCODE_SET.indexOf($) != -1=0.00957813952118,$ == '/'=0.009466862306,$.isSuccessful()=0.00926041230559,
Retrofit.java,nextResponseBodyConverter,count,int,0,NIL-FOR,i < $=0.0849477127194,$ < count=0.027479397133,$=0.0196525994688,$ < start=0.0149068785831,$ != null=0.011218692176,PATH_SEGMENT_ALWAYS_ENCODE_SET.indexOf($) != -1=0.0101463878527,toFind.equals(array[$])=0.00987582746893,$.creationFailure != null=0.00950295850635,$.length == 1=0.00948916375637,$ == '/'=0.00935529638082,
Retrofit.java,nextResponseBodyConverter,converter,Converter<ResponseBody,?>,0,RET,$ != null=0.11172901094,$ == null=0.0261039249599,$ < count=0.0123634114861,$.creationFailure != null=0.01134063676,argumentCount != $.length=0.00976346619427,$.creationFailure instanceof IOException=0.0097308056429,$ instanceof WildcardType=0.00972811505198,$=0.00958986114711,$.canceled=0.0093049723655,argumentCount != handlers.$.length=0.00914887525141,
Retrofit.java,nextResponseBodyConverter,skipPast,Converter.Factory,0,DEF,$ != null=0.106454305351,$ == null=0.0267504490912,$.isInterface()=0.0128160724416,$ instanceof Class<?>=0.0126904230565,$ < count=0.0117797376588,toResolve == $=0.0112449517474,$.isSuccessful()=0.010008960031,RequestBody.class.isAssignableFrom(Utils.getRawType($))=0.00988843757659,getRawType($) != Call.class=0.00988819543272,$ != originalUpperBound[0]=0.00946415681392,
Retrofit.java,nextResponseBodyConverter,i,int,0,NIL-FOR,i < $=0.085960753262,$ < count=0.0278070997447,$=0.0198869649321,$ < start=0.0150846494362,$ != null=0.0113524794579,toFind.equals(array[$])=0.00999360159039,$.length == 1=0.00960232596844,PATH_SEGMENT_ALWAYS_ENCODE_SET.indexOf($) != -1=0.00957813952118,$ == '/'=0.009466862306,$.isSuccessful()=0.00926041230559,
Retrofit.java,nextResponseBodyConverter,start,int,0,NIL-FOR,i < $=0.0802941322327,$ < count=0.0259740278125,$=0.0156712979078,$ < start=0.0140902539715,$ instanceof Class<?>=0.0131089547649,$.isSuccessful()=0.0119411200285,toResolve == $=0.0111860055476,$ != null=0.0106041124091,$.length == 1=0.0103699211031,$.isInterface()=0.0103075765073,
Retrofit.java,nextResponseBodyConverter,i,int,0,NIL-FOR,i < $=0.085960753262,$ < count=0.0278070997447,$=0.0198869649321,$ < start=0.0150846494362,$ != null=0.0113524794579,toFind.equals(array[$])=0.00999360159039,$.length == 1=0.00960232596844,PATH_SEGMENT_ALWAYS_ENCODE_SET.indexOf($) != -1=0.00957813952118,$ == '/'=0.009466862306,$.isSuccessful()=0.00926041230559,
Retrofit.java,nextResponseBodyConverter,count,int,0,NIL-FOR,i < $=0.0849477127194,$ < count=0.027479397133,$=0.0196525994688,$ < start=0.0149068785831,$ != null=0.011218692176,PATH_SEGMENT_ALWAYS_ENCODE_SET.indexOf($) != -1=0.0101463878527,toFind.equals(array[$])=0.00987582746893,$.creationFailure != null=0.00950295850635,$.length == 1=0.00948916375637,$ == '/'=0.00935529638082,
Retrofit.java,stringConverter,i,int,0,NIL-FOR,i < $=0.085960753262,$ < count=0.0278070997447,$=0.0198869649321,$ < start=0.0150846494362,$ != null=0.0113524794579,toFind.equals(array[$])=0.00999360159039,$.length == 1=0.00960232596844,PATH_SEGMENT_ALWAYS_ENCODE_SET.indexOf($) != -1=0.00957813952118,$ == '/'=0.009466862306,$.isSuccessful()=0.00926041230559,
Retrofit.java,stringConverter,count,int,0,NIL-FOR,i < $=0.0849477127194,$ < count=0.027479397133,$=0.0196525994688,$ < start=0.0149068785831,$ != null=0.011218692176,PATH_SEGMENT_ALWAYS_ENCODE_SET.indexOf($) != -1=0.0101463878527,toFind.equals(array[$])=0.00987582746893,$.creationFailure != null=0.00950295850635,$.length == 1=0.00948916375637,$ == '/'=0.00935529638082,
Retrofit.java,stringConverter,converter,Converter<?,String>,0,RET,$ != null=0.11172901094,$ == null=0.0261039249599,$ < count=0.0123634114861,$.creationFailure != null=0.01134063676,argumentCount != $.length=0.00976346619427,$.creationFailure instanceof IOException=0.0097308056429,$ instanceof WildcardType=0.00972811505198,$=0.00958986114711,$.canceled=0.0093049723655,argumentCount != handlers.$.length=0.00914887525141,
ServiceMethod.java,toRequest,THIS,ServiceMethod,0,IllegalArgumentException,$ == null=0.0257576238364,$ != null=0.0193647313863,$ < count=0.0136873247102,$.creationFailure != null=0.0108714932576,$=0.0106167746708,argumentCount != handlers.$.length=0.0105286035687,$ != handlers.length=0.0105278156698,$.Build.VERSION.SDK_INT != 0=0.0102109527215,$ == 204=0.0101817278191,i < $.length=0.0100804939866,
ServiceMethod.java,toRequest,handlers,ParameterHandler<Object>[],0,IllegalArgumentException,$ == null=0.0352352745831,$ != null=0.019741743803,$ < count=0.0139538031071,argumentCount != $.length=0.0110194087029,$.creationFailure instanceof IOException=0.0109825469553,$=0.010823472403,$.creationFailure != null=0.010724555701,$.canceled=0.0105019360781,$.getRawType(returnType) != Call.class=0.00990512780845,$.executed=0.00986194144934,
ServiceMethod.java,toRequest,argumentCount,int,0,IllegalArgumentException,i < $=0.0344179309905,$ < count=0.0281392522156,$=0.0201245117933,$ < start=0.015264833346,$ == 204=0.0105739720166,PATH_SEGMENT_ALWAYS_ENCODE_SET.indexOf($) != -1=0.0103900292888,$ == '/'=0.0103406365961,$ != handlers.length=0.0101395947859,$.hasUnresolvableType($.typeArgument)=0.0101149724796,toFind.equals(array[$])=0.0101129729301,
ServiceMethod.java,toRequest,p,int,0,NIL-FOR,i < $=0.0614803358912,$ < count=0.0271084476262,$=0.0163557436317,$ < start=0.0147056477144,$.isSuccessful()=0.0111612565815,$.length == 1=0.0108228297904,RequestBody.class.isAssignableFrom(Utils.getRawType($))=0.0106606837362,toResolve == $=0.0101693179458,$ == Void.class=0.0098419059068,lowerBound != $[0]=0.00977446790785,
ServiceMethod.java,toRequest,argumentCount,int,0,NIL-FOR,i < $=0.0427729785442,$ < count=0.0279340501875,$=0.0199777577072,$ < start=0.0151535170153,$ == 204=0.0104968622327,PATH_SEGMENT_ALWAYS_ENCODE_SET.indexOf($) != -1=0.0103142615408,$ == '/'=0.0102652283385,$ != handlers.length=0.0100656524301,$.hasUnresolvableType($.typeArgument)=0.0100412108004,toFind.equals(array[$])=0.0100392252207,
ServiceMethod.java,parsePathParameters,m,Matcher,0,NIL-WHILE,$ == null=0.0337202996016,$ != null=0.0290775820613,$ < count=0.0133538469672,$.isInterface()=0.0112481135875,argumentCount != $.length=0.0105456197634,$.creationFailure instanceof IOException=0.010510343127,$.creationFailure != null=0.0102634439245,$.find()=0.0100657306612,$.canceled=0.0100503955036,$ != originalLowerBound[0]=0.0098936771974,
ServiceMethod.java,boxIfPrimitive,type,Class<?>,0,RET,$ == null=0.0412736795843,$ != null=0.0273051578552,$ instanceof Class<?>=0.0140609946102,$.isInterface()=0.0136430729181,$ instanceof WildcardType=0.0117983408272,toResolve == $=0.011514200829,getRawType($) != Call.class=0.0112283723429,$=0.0111359013245,$ instanceof GenericArrayType=0.0110631501302,$.isSuccessful()=0.0102800522,
ServiceMethod.java,boxIfPrimitive,type,Class<?>,0,RET,$ == null=0.0412736795843,$ != null=0.0273051578552,$ instanceof Class<?>=0.0140609946102,$.isInterface()=0.0136430729181,$ instanceof WildcardType=0.0117983408272,toResolve == $=0.011514200829,getRawType($) != Call.class=0.0112283723429,$=0.0111359013245,$ instanceof GenericArrayType=0.0110631501302,$.isSuccessful()=0.0102800522,
ServiceMethod.java,boxIfPrimitive,type,Class<?>,0,RET,$ == null=0.0412736795843,$ != null=0.0273051578552,$ instanceof Class<?>=0.0140609946102,$.isInterface()=0.0136430729181,$ instanceof WildcardType=0.0117983408272,toResolve == $=0.011514200829,getRawType($) != Call.class=0.0112283723429,$=0.0111359013245,$ instanceof GenericArrayType=0.0110631501302,$.isSuccessful()=0.0102800522,
ServiceMethod.java,boxIfPrimitive,type,Class<?>,0,RET,$ == null=0.0412736795843,$ != null=0.0273051578552,$ instanceof Class<?>=0.0140609946102,$.isInterface()=0.0136430729181,$ instanceof WildcardType=0.0117983408272,toResolve == $=0.011514200829,getRawType($) != Call.class=0.0112283723429,$=0.0111359013245,$ instanceof GenericArrayType=0.0110631501302,$.isSuccessful()=0.0102800522,
ServiceMethod.java,boxIfPrimitive,type,Class<?>,0,RET,$ == null=0.0412736795843,$ != null=0.0273051578552,$ instanceof Class<?>=0.0140609946102,$.isInterface()=0.0136430729181,$ instanceof WildcardType=0.0117983408272,toResolve == $=0.011514200829,getRawType($) != Call.class=0.0112283723429,$=0.0111359013245,$ instanceof GenericArrayType=0.0110631501302,$.isSuccessful()=0.0102800522,
ServiceMethod.java,boxIfPrimitive,type,Class<?>,0,RET,$ == null=0.0412736795843,$ != null=0.0273051578552,$ instanceof Class<?>=0.0140609946102,$.isInterface()=0.0136430729181,$ instanceof WildcardType=0.0117983408272,toResolve == $=0.011514200829,getRawType($) != Call.class=0.0112283723429,$=0.0111359013245,$ instanceof GenericArrayType=0.0110631501302,$.isSuccessful()=0.0102800522,
ServiceMethod.java,boxIfPrimitive,type,Class<?>,0,RET,$ == null=0.0412736795843,$ != null=0.0273051578552,$ instanceof Class<?>=0.0140609946102,$.isInterface()=0.0136430729181,$ instanceof WildcardType=0.0117983408272,toResolve == $=0.011514200829,getRawType($) != Call.class=0.0112283723429,$=0.0111359013245,$ instanceof GenericArrayType=0.0110631501302,$.isSuccessful()=0.0102800522,
ServiceMethod.java,boxIfPrimitive,type,Class<?>,0,RET,$ == null=0.0412736795843,$ != null=0.0273051578552,$ instanceof Class<?>=0.0140609946102,$.isInterface()=0.0136430729181,$ instanceof WildcardType=0.0117983408272,toResolve == $=0.011514200829,getRawType($) != Call.class=0.0112283723429,$=0.0111359013245,$ instanceof GenericArrayType=0.0110631501302,$.isSuccessful()=0.0102800522,
Utils.java,getRawType,type,Type,0,RET,$ instanceof ParameterizedType=0.0295862741768,$ instanceof WildcardType=0.0238457564265,$ instanceof TypeVariable=0.0220127105713,$ instanceof GenericArrayType=0.0212006699294,$ instanceof Class<?>=0.0154698314145,$ instanceof Class=0.0126604223624,toResolve == $=0.0117215542123,$.isInterface()=0.0116671919823,getRawType($) != Call.class=0.0111275678501,$.isSuccessful()=0.0104266842827,
Utils.java,getRawType,type,Type,0,IllegalArgumentException:RET,$ instanceof ParameterizedType=0.0300177130848,$ instanceof WildcardType=0.017628012225,$ instanceof GenericArrayType=0.0173851400614,$ instanceof TypeVariable=0.0173391532153,$ instanceof Class<?>=0.0156954191625,$ instanceof Class=0.0124956574291,toResolve == $=0.0118924826384,$.isInterface()=0.0118373278528,getRawType($) != Call.class=0.0112898349762,$.isSuccessful()=0.0105787310749,
Utils.java,getRawType,rawType,Type,0,IllegalArgumentException,$ instanceof ParameterizedType=0.0302144102752,$ instanceof WildcardType=0.017743524164,$ instanceof GenericArrayType=0.0174990594387,$ instanceof TypeVariable=0.0156968608499,$ instanceof Class=0.0125775374472,toResolve == $=0.0119704110548,$.isInterface()=0.0119148939848,getRawType($) != Call.class=0.0113638136536,$ instanceof Class<?>=0.0110015384853,$.isSuccessful()=0.0106480503455,
Utils.java,getRawType,type,Type,0,RET,$ instanceof ParameterizedType=0.0295862741768,$ instanceof WildcardType=0.0238457564265,$ instanceof TypeVariable=0.0220127105713,$ instanceof GenericArrayType=0.0212006699294,$ instanceof Class<?>=0.0154698314145,$ instanceof Class=0.0126604223624,toResolve == $=0.0117215542123,$.isInterface()=0.0116671919823,getRawType($) != Call.class=0.0111275678501,$.isSuccessful()=0.0104266842827,
Utils.java,getRawType,type,Type,0,RET,$ instanceof ParameterizedType=0.0295862741768,$ instanceof WildcardType=0.0238457564265,$ instanceof TypeVariable=0.0220127105713,$ instanceof GenericArrayType=0.0212006699294,$ instanceof Class<?>=0.0154698314145,$ instanceof Class=0.0126604223624,toResolve == $=0.0117215542123,$.isInterface()=0.0116671919823,getRawType($) != Call.class=0.0111275678501,$.isSuccessful()=0.0104266842827,
Utils.java,getRawType,type,Type,0,RET,$ instanceof ParameterizedType=0.0295862741768,$ instanceof WildcardType=0.0238457564265,$ instanceof TypeVariable=0.0220127105713,$ instanceof GenericArrayType=0.0212006699294,$ instanceof Class<?>=0.0154698314145,$ instanceof Class=0.0126604223624,toResolve == $=0.0117215542123,$.isInterface()=0.0116671919823,getRawType($) != Call.class=0.0111275678501,$.isSuccessful()=0.0104266842827,
Utils.java,equals,a,Type,1,RET,$ instanceof ParameterizedType=0.0298400726169,$ instanceof TypeVariable=0.0224510002881,$ instanceof WildcardType=0.021684890613,$ instanceof GenericArrayType=0.0172186791897,$=0.0115961581469,$ >= 0x7f=0.0115721886978,$ instanceof Class=0.0111520253122,a == $=0.01029678341,$ == '%'=0.0101945754141,PATH_SEGMENT_ALWAYS_ENCODE_SET.indexOf($) != -1=0.0101502267644,
Utils.java,equals,b,Type,1,RET,$ instanceof ParameterizedType=0.0298400726169,$ instanceof TypeVariable=0.0224510002881,$ instanceof WildcardType=0.021684890613,$ instanceof GenericArrayType=0.0172186791897,$=0.0115961581469,$ >= 0x7f=0.0115721886978,$ instanceof Class=0.0111520253122,a == $=0.01029678341,$ == '%'=0.0101945754141,PATH_SEGMENT_ALWAYS_ENCODE_SET.indexOf($) != -1=0.0101502267644,
Utils.java,equals,a,Type,1,RET,$ instanceof ParameterizedType=0.0298400726169,$ instanceof TypeVariable=0.0224510002881,$ instanceof WildcardType=0.021684890613,$ instanceof GenericArrayType=0.0172186791897,$=0.0115961581469,$ >= 0x7f=0.0115721886978,$ instanceof Class=0.0111520253122,a == $=0.01029678341,$ == '%'=0.0101945754141,PATH_SEGMENT_ALWAYS_ENCODE_SET.indexOf($) != -1=0.0101502267644,
Utils.java,equals,a,Type,1,RET,$ instanceof ParameterizedType=0.0298400726169,$ instanceof TypeVariable=0.0224510002881,$ instanceof WildcardType=0.021684890613,$ instanceof GenericArrayType=0.0172186791897,$=0.0115961581469,$ >= 0x7f=0.0115721886978,$ instanceof Class=0.0111520253122,a == $=0.01029678341,$ == '%'=0.0101945754141,PATH_SEGMENT_ALWAYS_ENCODE_SET.indexOf($) != -1=0.0101502267644,
Utils.java,equals,b,Type,0,RET,$ instanceof ParameterizedType=0.0298400726169,$ instanceof TypeVariable=0.0224510002881,$ instanceof WildcardType=0.021684890613,$ instanceof GenericArrayType=0.0172186791897,$=0.0115961581469,$ >= 0x7f=0.0115721886978,$ instanceof Class=0.0111520253122,a == $=0.01029678341,$ == '%'=0.0101945754141,PATH_SEGMENT_ALWAYS_ENCODE_SET.indexOf($) != -1=0.0101502267644,
Utils.java,equals,a,Type,1,RET,$ instanceof ParameterizedType=0.0298400726169,$ instanceof TypeVariable=0.0224510002881,$ instanceof WildcardType=0.021684890613,$ instanceof GenericArrayType=0.0172186791897,$=0.0115961581469,$ >= 0x7f=0.0115721886978,$ instanceof Class=0.0111520253122,a == $=0.01029678341,$ == '%'=0.0101945754141,PATH_SEGMENT_ALWAYS_ENCODE_SET.indexOf($) != -1=0.0101502267644,
Utils.java,equals,b,Type,0,RET,$ instanceof ParameterizedType=0.0298400726169,$ instanceof TypeVariable=0.0224510002881,$ instanceof WildcardType=0.021684890613,$ instanceof GenericArrayType=0.0172186791897,$=0.0115961581469,$ >= 0x7f=0.0115721886978,$ instanceof Class=0.0111520253122,a == $=0.01029678341,$ == '%'=0.0101945754141,PATH_SEGMENT_ALWAYS_ENCODE_SET.indexOf($) != -1=0.0101502267644,
Utils.java,equals,a,Type,1,RET,$ instanceof ParameterizedType=0.0298400726169,$ instanceof TypeVariable=0.0224510002881,$ instanceof WildcardType=0.021684890613,$ instanceof GenericArrayType=0.0172186791897,$=0.0115961581469,$ >= 0x7f=0.0115721886978,$ instanceof Class=0.0111520253122,a == $=0.01029678341,$ == '%'=0.0101945754141,PATH_SEGMENT_ALWAYS_ENCODE_SET.indexOf($) != -1=0.0101502267644,
Utils.java,equals,b,Type,0,RET,$ instanceof ParameterizedType=0.0298400726169,$ instanceof TypeVariable=0.0224510002881,$ instanceof WildcardType=0.021684890613,$ instanceof GenericArrayType=0.0172186791897,$=0.0115961581469,$ >= 0x7f=0.0115721886978,$ instanceof Class=0.0111520253122,a == $=0.01029678341,$ == '%'=0.0101945754141,PATH_SEGMENT_ALWAYS_ENCODE_SET.indexOf($) != -1=0.0101502267644,
Utils.java,equals,a,Type,1,RET,$ instanceof ParameterizedType=0.0298400726169,$ instanceof TypeVariable=0.0224510002881,$ instanceof WildcardType=0.021684890613,$ instanceof GenericArrayType=0.0172186791897,$=0.0115961581469,$ >= 0x7f=0.0115721886978,$ instanceof Class=0.0111520253122,a == $=0.01029678341,$ == '%'=0.0101945754141,PATH_SEGMENT_ALWAYS_ENCODE_SET.indexOf($) != -1=0.0101502267644,
Utils.java,equals,b,Type,0,RET,$ instanceof ParameterizedType=0.0298400726169,$ instanceof TypeVariable=0.0224510002881,$ instanceof WildcardType=0.021684890613,$ instanceof GenericArrayType=0.0172186791897,$=0.0115961581469,$ >= 0x7f=0.0115721886978,$ instanceof Class=0.0111520253122,a == $=0.01029678341,$ == '%'=0.0101945754141,PATH_SEGMENT_ALWAYS_ENCODE_SET.indexOf($) != -1=0.0101502267644,
Utils.java,getGenericSupertype,rawType,Class<?>,0,RET,$ != null=0.0273005273193,$ == null=0.0238065775484,$ instanceof WildcardType=0.0225533712655,$ instanceof GenericArrayType=0.0200516432524,$ instanceof TypeVariable=0.018725015223,$ instanceof ParameterizedType=0.0183133669198,$.isInterface()=0.0141728464514,$ instanceof Class=0.0119742564857,toResolve == $=0.0115122469142,getRawType($) != Call.class=0.0112264668569,
Utils.java,getGenericSupertype,toResolve,Class<?>,0,RET,$ != null=0.0271232202649,$ == null=0.0236519630998,$ instanceof WildcardType=0.0224068965763,$ instanceof TypeVariable=0.0206844545901,$ instanceof GenericArrayType=0.0199214145541,$ instanceof ParameterizedType=0.0181944277138,$ instanceof Class<?>=0.0145363761112,$.isInterface()=0.0140807991847,$ instanceof Class=0.0118964882568,toResolve == $=0.0114374794066,
Utils.java,getGenericSupertype,toResolve,Class<?>,0,RET,$ != null=0.0271232202649,$ == null=0.0236519630998,$ instanceof WildcardType=0.0224068965763,$ instanceof TypeVariable=0.0206844545901,$ instanceof GenericArrayType=0.0199214145541,$ instanceof ParameterizedType=0.0181944277138,$ instanceof Class<?>=0.0145363761112,$.isInterface()=0.0140807991847,$ instanceof Class=0.0118964882568,toResolve == $=0.0114374794066,
Utils.java,getGenericSupertype,i,int,0,NIL-FOR,i < $=0.0640731528401,$=0.0209982749075,$ instanceof ParameterizedType=0.0193886701018,$ < count=0.0159588940442,$ instanceof WildcardType=0.0156410690397,$ instanceof TypeVariable=0.0153462756425,$ instanceof GenericArrayType=0.0137767111883,$ < start=0.0123941591009,$ < length=0.0101613886654,interfaces[$] == toResolve=0.00974118895829,
Utils.java,getGenericSupertype,length,int,0,NIL-FOR,i < $=0.0631698668003,$ instanceof ParameterizedType=0.0191153343767,$=0.01746506989,$ < count=0.0157339107245,$ instanceof WildcardType=0.015420566313,$ instanceof TypeVariable=0.0151299284771,$ instanceof GenericArrayType=0.0135824913159,$ < start=0.0122194299474,$ < length=0.010409809649,interfaces[$] == toResolve=0.00960386078805,
Utils.java,getGenericSupertype,i,int,1,RET,i < $=0.0510778315365,$ instanceof WildcardType=0.0214536562562,$=0.0209856927395,$ instanceof TypeVariable=0.0197549331933,$ instanceof ParameterizedType=0.019377052784,$ instanceof GenericArrayType=0.0170350726694,$ < count=0.0159493293613,$ < start=0.0123867327347,$ instanceof Class=0.010205456987,$ < length=0.0101552996784,
Utils.java,getGenericSupertype,interfaces,Class<?>[],1,RET,$ != null=0.0290842633694,$ == null=0.0282015949488,$ instanceof WildcardType=0.0216638185084,$ instanceof TypeVariable=0.0199484527111,$ instanceof ParameterizedType=0.0195099078119,$ instanceof GenericArrayType=0.0172019470483,$=0.0107672922313,$.creationFailure instanceof IOException=0.0105127580464,$ instanceof Class=0.0103054307401,$[i] == toResolve=0.0102610858157,
Utils.java,getGenericSupertype,toResolve,Class<?>,1,RET,$ != null=0.0271232202649,$ == null=0.0236519630998,$ instanceof WildcardType=0.0224068965763,$ instanceof TypeVariable=0.0206844545901,$ instanceof GenericArrayType=0.0199214145541,$ instanceof ParameterizedType=0.0181944277138,$ instanceof Class<?>=0.0145363761112,$.isInterface()=0.0140807991847,$ instanceof Class=0.0118964882568,toResolve == $=0.0114374794066,
Utils.java,getGenericSupertype,i,int,0,RET,i < $=0.0510778315365,$ instanceof WildcardType=0.0214536562562,$=0.0209856927395,$ instanceof TypeVariable=0.0197549331933,$ instanceof ParameterizedType=0.019377052784,$ instanceof GenericArrayType=0.0170350726694,$ < count=0.0159493293613,$ < start=0.0123867327347,$ instanceof Class=0.010205456987,$ < length=0.0101552996784,
Utils.java,getGenericSupertype,interfaces,Class<?>[],0,RET,$ != null=0.0290842633694,$ == null=0.0282015949488,$ instanceof WildcardType=0.0216638185084,$ instanceof TypeVariable=0.0199484527111,$ instanceof ParameterizedType=0.0195099078119,$ instanceof GenericArrayType=0.0172019470483,$=0.0107672922313,$.creationFailure instanceof IOException=0.0105127580464,$ instanceof Class=0.0103054307401,$[i] == toResolve=0.0102610858157,
Utils.java,getGenericSupertype,toResolve,Class<?>,0,RET,$ != null=0.0271232202649,$ == null=0.0236519630998,$ instanceof WildcardType=0.0224068965763,$ instanceof TypeVariable=0.0206844545901,$ instanceof GenericArrayType=0.0199214145541,$ instanceof ParameterizedType=0.0181944277138,$ instanceof Class<?>=0.0145363761112,$.isInterface()=0.0140807991847,$ instanceof Class=0.0118964882568,toResolve == $=0.0114374794066,
Utils.java,getGenericSupertype,rawType,Class<?>,0,RET,$ != null=0.0273005273193,$ == null=0.0238065775484,$ instanceof WildcardType=0.0225533712655,$ instanceof GenericArrayType=0.0200516432524,$ instanceof TypeVariable=0.018725015223,$ instanceof ParameterizedType=0.0183133669198,$.isInterface()=0.0141728464514,$ instanceof Class=0.0119742564857,toResolve == $=0.0115122469142,getRawType($) != Call.class=0.0112264668569,
Utils.java,getGenericSupertype,rawType,Class<?>,0,NIL-WHILE,$ == null=0.028773099184,$ != null=0.0275894552469,$ instanceof ParameterizedType=0.0185071788728,$ instanceof WildcardType=0.0166068971157,$ instanceof GenericArrayType=0.0163780916482,$ instanceof TypeVariable=0.0146913379431,$.isInterface()=0.0143228406087,$ instanceof Class=0.0121009824798,toResolve == $=0.0116340843961,getRawType($) != Call.class=0.011345279403,
Utils.java,getGenericSupertype,rawSupertype,Class<?>,1,RET,$ != null=0.0273873507977,$ == null=0.0238822903484,$ instanceof WildcardType=0.0226250980049,$ instanceof GenericArrayType=0.0193541031331,$ instanceof TypeVariable=0.0187845677137,$ instanceof ParameterizedType=0.0183716081083,$.isInterface()=0.0132501767948,$ instanceof Class=0.0120123382658,getRawType($) != Call.class=0.0112621709704,toResolve == $=0.0108007155359,
Utils.java,getGenericSupertype,toResolve,Class<?>,1,RET,$ != null=0.0271232202649,$ == null=0.0236519630998,$ instanceof WildcardType=0.0224068965763,$ instanceof TypeVariable=0.0206844545901,$ instanceof GenericArrayType=0.0199214145541,$ instanceof ParameterizedType=0.0181944277138,$ instanceof Class<?>=0.0145363761112,$.isInterface()=0.0140807991847,$ instanceof Class=0.0118964882568,toResolve == $=0.0114374794066,
Utils.java,getGenericSupertype,rawSupertype,Class<?>,0,RET,$ != null=0.0273873507977,$ == null=0.0238822903484,$ instanceof WildcardType=0.0226250980049,$ instanceof GenericArrayType=0.0193541031331,$ instanceof TypeVariable=0.0187845677137,$ instanceof ParameterizedType=0.0183716081083,$.isInterface()=0.0132501767948,$ instanceof Class=0.0120123382658,getRawType($) != Call.class=0.0112621709704,toResolve == $=0.0108007155359,
Utils.java,getGenericSupertype,toResolve,Class<?>,0,RET,$ != null=0.0271232202649,$ == null=0.0236519630998,$ instanceof WildcardType=0.0224068965763,$ instanceof TypeVariable=0.0206844545901,$ instanceof GenericArrayType=0.0199214145541,$ instanceof ParameterizedType=0.0181944277138,$ instanceof Class<?>=0.0145363761112,$.isInterface()=0.0140807991847,$ instanceof Class=0.0118964882568,toResolve == $=0.0114374794066,
Utils.java,indexOf,THIS,Utils,0,NIL-FOR,$ instanceof ParameterizedType=0.0197526123375,$ instanceof TypeVariable=0.0175785757601,$ instanceof WildcardType=0.0147798079997,$ instanceof GenericArrayType=0.0140353105962,i < $=0.01284478046,$ == 204=0.0108154993504,PATH_SEGMENT_ALWAYS_ENCODE_SET.indexOf($) != -1=0.0106273544952,index >= types.$.length=0.0105829229578,$ == '/'=0.0105768349022,$=0.0104588344693,
Utils.java,indexOf,i,int,0,NIL-FOR,i < $=0.0631292760372,$=0.019907284528,$ < count=0.0193746257573,$ instanceof ParameterizedType=0.0191030520946,$ instanceof TypeVariable=0.0151202064008,$ instanceof WildcardType=0.014293779619,$ instanceof GenericArrayType=0.0135737629607,$ < start=0.0130868796259,$ < length=0.0100116990507,toFind.equals(array[$])=0.0100038116798,
Utils.java,indexOf,array,Object[],0,NIL-FOR,$ == null=0.0245540142059,$ instanceof ParameterizedType=0.0190583057702,$ != null=0.0184598490596,$ instanceof TypeVariable=0.0170102082193,$ instanceof WildcardType=0.0143019333482,$ instanceof GenericArrayType=0.0135815078393,$.canceled=0.0122269783169,$.creationFailure != null=0.0115165347233,$.creationFailure instanceof IOException=0.0110263600945,argumentCount != $.length=0.0103038838133,
Utils.java,indexOf,i,int,0,RET,i < $=0.0503462515771,$=0.0199036020786,$ instanceof WildcardType=0.0196138042957,$ instanceof TypeVariable=0.0194719862193,$ < count=0.0193710420281,$ instanceof ParameterizedType=0.0190995186567,$ instanceof GenericArrayType=0.016791081056,$ < start=0.0130844581872,$ instanceof Class=0.0100592859089,$ < length=0.0100098466501,
Utils.java,indexOf,array,Object[],0,RET,$ instanceof TypeVariable=0.0217117425054,$ == null=0.0203449744731,$ instanceof WildcardType=0.0194510035217,$ instanceof ParameterizedType=0.0188858453184,$ != null=0.0182928033173,$ instanceof GenericArrayType=0.0166517104954,$.canceled=0.0121163362637,$.creationFailure != null=0.0114123197272,$.creationFailure instanceof IOException=0.0109265809879,argumentCount != $.length=0.0102106425911,
Utils.java,indexOf,toFind,Object,0,RET,$ == null=0.0234735421836,$ != null=0.0224617626518,$ instanceof WildcardType=0.0206261873245,$ instanceof TypeVariable=0.0205284189433,$ instanceof GenericArrayType=0.0197711344808,$ instanceof ParameterizedType=0.0180571749806,$.isInterface()=0.0139745790511,$ instanceof Class<?>=0.0138606876135,$ instanceof Class=0.0118067441508,toResolve == $=0.0118011077866,
Utils.java,getSupertype,contextRawType,Class<?>,0,IllegalArgumentException,$ == null=0.0333645269275,$ != null=0.0287707932293,$ instanceof ParameterizedType=0.0192996300757,$ instanceof TypeVariable=0.0153203997761,$ instanceof WildcardType=0.0144830308855,$ instanceof GenericArrayType=0.0137534821406,$.creationFailure != null=0.011223917827,$.creationFailure instanceof IOException=0.0111659793183,$.canceled=0.010672301054,$=0.0102488221601,
Utils.java,getSupertype,supertype,Class<?>,0,IllegalArgumentException,$ == null=0.0285799670964,$ != null=0.0274042654783,$ instanceof ParameterizedType=0.0183829534799,$ instanceof GenericArrayType=0.0162681583315,$ instanceof TypeVariable=0.016225123778,$ instanceof WildcardType=0.0152999265119,$.isInterface()=0.0142267020419,$ instanceof Class<?>=0.0141107561067,$ instanceof Class=0.0116928201169,toResolve == $=0.0115559929982,
Utils.java,resolve,toResolve,Type,1,RET,$ instanceof ParameterizedType=0.0287744384259,$ instanceof WildcardType=0.0215106513351,$ instanceof TypeVariable=0.0214086901397,$ instanceof GenericArrayType=0.0206189323217,$ instanceof Class<?>=0.0150453457609,$ < count=0.012892447412,$ instanceof Class=0.0123130250722,toResolve == $=0.0118517577648,$.isInterface()=0.0113470489159,$.length == 1=0.0109890224412,
Utils.java,resolve,typeVariable,TypeVariable<?>,0,RET,$ instanceof WildcardType=0.02145165205,$ instanceof TypeVariable=0.0213499702513,$ instanceof GenericArrayType=0.0205623805523,$ instanceof ParameterizedType=0.0188346598297,$ instanceof Class<?>=0.0150040788576,$ < count=0.0128570860252,$ instanceof Class=0.0122792543843,toResolve == $=0.0118192508817,$.isInterface()=0.0113159269094,$.length == 1=0.0109588811174,
Utils.java,resolve,toResolve,Type,0,RET,$ instanceof ParameterizedType=0.0287744384259,$ instanceof WildcardType=0.0215106513351,$ instanceof TypeVariable=0.0214086901397,$ instanceof GenericArrayType=0.0206189323217,$ instanceof Class<?>=0.0150453457609,$ < count=0.012892447412,$ instanceof Class=0.0123130250722,toResolve == $=0.0118517577648,$.isInterface()=0.0113470489159,$.length == 1=0.0109890224412,
Utils.java,resolve,toResolve,Type,1,RET,$ instanceof ParameterizedType=0.0287744384259,$ instanceof WildcardType=0.0215106513351,$ instanceof TypeVariable=0.0214086901397,$ instanceof GenericArrayType=0.0206189323217,$ instanceof Class<?>=0.0150453457609,$ < count=0.012892447412,$ instanceof Class=0.0123130250722,toResolve == $=0.0118517577648,$.isInterface()=0.0113470489159,$.length == 1=0.0109890224412,
Utils.java,resolve,toResolve,Type,1,RET,$ instanceof ParameterizedType=0.0287744384259,$ instanceof WildcardType=0.0215106513351,$ instanceof TypeVariable=0.0214086901397,$ instanceof GenericArrayType=0.0206189323217,$ instanceof Class<?>=0.0150453457609,$ < count=0.012892447412,$ instanceof Class=0.0123130250722,toResolve == $=0.0118517577648,$.isInterface()=0.0113470489159,$.length == 1=0.0109890224412,
Utils.java,resolve,toResolve,Type,1,RET,$ instanceof ParameterizedType=0.0287744384259,$ instanceof WildcardType=0.0215106513351,$ instanceof TypeVariable=0.0214086901397,$ instanceof GenericArrayType=0.0206189323217,$ instanceof Class<?>=0.0150453457609,$ < count=0.012892447412,$ instanceof Class=0.0123130250722,toResolve == $=0.0118517577648,$.isInterface()=0.0113470489159,$.length == 1=0.0109890224412,
Utils.java,resolve,toResolve,Type,1,RET,$ instanceof ParameterizedType=0.0287744384259,$ instanceof WildcardType=0.0215106513351,$ instanceof TypeVariable=0.0214086901397,$ instanceof GenericArrayType=0.0206189323217,$ instanceof Class<?>=0.0150453457609,$ < count=0.012892447412,$ instanceof Class=0.0123130250722,toResolve == $=0.0118517577648,$.isInterface()=0.0113470489159,$.length == 1=0.0109890224412,
Utils.java,resolve,t,int,0,NIL-FOR,i < $=0.0576263964176,$ < count=0.0254091341048,$ instanceof ParameterizedType=0.0174378696829,$ instanceof GenericArrayType=0.0153868701309,$ instanceof TypeVariable=0.0153461676091,$=0.0153304729611,$ instanceof WildcardType=0.0144710903987,$ < start=0.0137838134542,$ instanceof Class<?>=0.0133463405073,$.isSuccessful()=0.0116814207286,
Utils.java,resolve,length,int,0,NIL-FOR,i < $=0.0610491558909,$ < count=0.0269183274359,$ instanceof ParameterizedType=0.0184736028314,$=0.0162410363555,$ instanceof TypeVariable=0.0146219925955,$ < start=0.0146025130525,$ instanceof WildcardType=0.0138227967545,$ instanceof GenericArrayType=0.0131265055388,$ < length=0.0100603355095,$.length == 1=0.00997943244874,
Utils.java,resolve,resolvedTypeArgument,Type,0,DEF,$ instanceof ParameterizedType=0.0292757805437,$ instanceof GenericArrayType=0.016955440864,$ instanceof WildcardType=0.0159463044256,$ instanceof TypeVariable=0.015209226869,$ < count=0.0131170740351,$ instanceof Class=0.0121868085116,toResolve == $=0.0120582524687,$.isInterface()=0.0115447500721,$ instanceof Class<?>=0.011450259015,$.length == 1=0.0111804855987,
Utils.java,resolve,t,int,0,DEF,i < $=0.0463493727148,$ < count=0.0255844239146,$=0.0188678968698,$ instanceof ParameterizedType=0.0175581686199,$ instanceof GenericArrayType=0.015493019484,$ instanceof TypeVariable=0.0154520366341,$ instanceof WildcardType=0.0145709225908,$ < start=0.0138789033517,$ instanceof Class<?>=0.0134384119883,$.isSuccessful()=0.0117620080709,
Utils.java,resolve,args,Type[],0,DEF,$ instanceof ParameterizedType=0.0196247752756,$ instanceof TypeVariable=0.0174648091197,$ instanceof WildcardType=0.0146841555834,$ instanceof GenericArrayType=0.0139444759116,$ < count=0.0133964419365,$=0.0127012263983,$ == 204=0.0107455030084,$.length == 1=0.0106012942269,index >= types.$.length=0.0105144316331,$ != handlers.length=0.0103040784597,
Utils.java,resolve,changed,boolean,0,DEF,$=0.0281368289143,$ instanceof ParameterizedType=0.0190268401057,$ instanceof TypeVariable=0.0162756480277,$ < count=0.0154472608119,$ instanceof WildcardType=0.0142367538065,$ instanceof GenericArrayType=0.0135196112096,$ < start=0.0135164111853,$ == 204=0.0104181049392,$.length == 1=0.010278291069,PATH_SEGMENT_ALWAYS_ENCODE_SET.indexOf($) != -1=0.0102368732914,
Utils.java,resolve,toResolve,Type,1,RET,$ instanceof ParameterizedType=0.0287744384259,$ instanceof WildcardType=0.0215106513351,$ instanceof TypeVariable=0.0214086901397,$ instanceof GenericArrayType=0.0206189323217,$ instanceof Class<?>=0.0150453457609,$ < count=0.012892447412,$ instanceof Class=0.0123130250722,toResolve == $=0.0118517577648,$.isInterface()=0.0113470489159,$.length == 1=0.0109890224412,
Utils.java,resolve,THIS,Utils,1,RET,$ instanceof TypeVariable=0.0220551081002,$ instanceof WildcardType=0.0197586156428,$ instanceof ParameterizedType=0.019240533933,$ instanceof GenericArrayType=0.0169150531292,$ < count=0.0131341479719,$ == 204=0.0105351116508,$.length == 1=0.0103937275708,PATH_SEGMENT_ALWAYS_ENCODE_SET.indexOf($) != -1=0.0103518450633,$ < start=0.0103308353573,index >= types.$.length=0.0103085655719,
Utils.java,resolve,originalLowerBound,Type[],1,RET,$ instanceof WildcardType=0.0198750272393,$ instanceof TypeVariable=0.0197313223034,$ instanceof ParameterizedType=0.0193538926542,$ instanceof GenericArrayType=0.0170147102326,$ < count=0.0132115297019,$.length == 1=0.0116403577849,$ instanceof Class=0.0109396539629,i < $=0.0104944193736,toResolve == $=0.0101913921535,lowerBound != $[0]=0.0101684154943,
Utils.java,resolve,lowerBound,Type,0,RET,$ instanceof ParameterizedType=0.0303506180644,$ instanceof WildcardType=0.0204574130476,$ instanceof TypeVariable=0.0203094948083,$ instanceof GenericArrayType=0.0175132807344,$ < count=0.0135986581445,$ instanceof Class=0.0104919457808,$ != originalLowerBound[0]=0.0104571636766,$.length == 1=0.0104085300118,((Class<?>) $).isArray()=0.0100122289732,$.find()=0.00987038109452,
Utils.java,resolve,originalLowerBound,Type[],0,RET,$ instanceof WildcardType=0.0198750272393,$ instanceof TypeVariable=0.0197313223034,$ instanceof ParameterizedType=0.0193538926542,$ instanceof GenericArrayType=0.0170147102326,$ < count=0.0132115297019,$.length == 1=0.0116403577849,$ instanceof Class=0.0109396539629,i < $=0.0104944193736,toResolve == $=0.0101913921535,lowerBound != $[0]=0.0101684154943,
Utils.java,resolve,THIS,Utils,0,RET,$ instanceof TypeVariable=0.0220551081002,$ instanceof WildcardType=0.0197586156428,$ instanceof ParameterizedType=0.019240533933,$ instanceof GenericArrayType=0.0169150531292,$ < count=0.0131341479719,$ == 204=0.0105351116508,$.length == 1=0.0103937275708,PATH_SEGMENT_ALWAYS_ENCODE_SET.indexOf($) != -1=0.0103518450633,$ < start=0.0103308353573,index >= types.$.length=0.0103085655719,
Utils.java,resolve,originalUpperBound,Type[],0,RET,$ instanceof WildcardType=0.0197733342648,$ instanceof TypeVariable=0.019630363211,$ instanceof ParameterizedType=0.0192548651248,$ instanceof GenericArrayType=0.016927652061,$ < count=0.0131439305842,$.length == 1=0.0120256934315,$ instanceof Class=0.0116844084114,$ == Void.class=0.0105592617765,i < $=0.0104407230392,RequestBody.class.isAssignableFrom(Utils.getRawType($))=0.0102053107694,
Utils.java,resolve,upperBound,Type,0,RET,$ instanceof ParameterizedType=0.0287744384259,$ instanceof WildcardType=0.0215106513351,$ instanceof TypeVariable=0.0214086901397,$ instanceof GenericArrayType=0.0206189323217,$ instanceof Class<?>=0.0150453457609,$ < count=0.012892447412,$ instanceof Class=0.0123130250722,toResolve == $=0.0118517577648,$.isInterface()=0.0113470489159,$.length == 1=0.0109890224412,
Utils.java,resolve,originalUpperBound,Type[],0,RET,$ instanceof WildcardType=0.0197733342648,$ instanceof TypeVariable=0.019630363211,$ instanceof ParameterizedType=0.0192548651248,$ instanceof GenericArrayType=0.016927652061,$ < count=0.0131439305842,$.length == 1=0.0120256934315,$ instanceof Class=0.0116844084114,$ == Void.class=0.0105592617765,i < $=0.0104407230392,RequestBody.class.isAssignableFrom(Utils.getRawType($))=0.0102053107694,
Utils.java,resolveTypeVariable,declaredByRaw,Class<?>,0,RET,$ != null=0.0284237936139,$ == null=0.0275611691177,$ instanceof WildcardType=0.0196374356747,$ instanceof TypeVariable=0.0194954462349,$ instanceof ParameterizedType=0.0190668608993,$ instanceof GenericArrayType=0.016811311245,$ < count=0.0130535950884,argumentCount != $.length=0.0103085087612,$.creationFailure instanceof IOException=0.0102740256116,$=0.0101252123713,
Utils.java,resolveTypeVariable,declaredBy,Type,0,RET,$ instanceof ParameterizedType=0.0310638900846,$ instanceof WildcardType=0.0209381822497,$ instanceof TypeVariable=0.0207867883146,$ instanceof GenericArrayType=0.0179248601198,$ < count=0.0139182405546,$=0.010795888491,$ instanceof Class=0.0107385171577,$.length == 1=0.0102610671893,$ != originalLowerBound[0]=0.00993685983121,$ < start=0.00981003884226,
Utils.java,checkNotPrimitive,type,Type,0,IllegalArgumentException,$ instanceof ParameterizedType=0.029126053676,$ instanceof WildcardType=0.0171043816954,$ instanceof GenericArrayType=0.0168687235564,$ instanceof TypeVariable=0.0168241020292,$ instanceof Class<?>=0.0152291953564,$ instanceof Class=0.013107759878,getRawType($) != Call.class=0.0116851460189,toResolve == $=0.0115392226726,$.isInterface()=0.0114857060835,$ == null=0.0109335100278,
Utils.java,checkNotPrimitive,type,Type,0,IllegalArgumentException,$ instanceof ParameterizedType=0.029126053676,$ instanceof WildcardType=0.0171043816954,$ instanceof GenericArrayType=0.0168687235564,$ instanceof TypeVariable=0.0168241020292,$ instanceof Class<?>=0.0152291953564,$ instanceof Class=0.013107759878,getRawType($) != Call.class=0.0116851460189,toResolve == $=0.0115392226726,$.isInterface()=0.0114857060835,$ == null=0.0109335100278,
Utils.java,checkNotNull,object,T,0,NullPointerException,$ == null=0.0560024492443,$ instanceof ParameterizedType=0.0186882484704,$ != null=0.0174411013722,$ instanceof WildcardType=0.0151200480759,$ instanceof TypeVariable=0.014835074544,$ instanceof GenericArrayType=0.0133177936077,$ instanceof Class=0.0114534245804,toResolve.isAssignableFrom($)=0.00948968157172,a == $=0.00948719028383,int.class == $=0.00947073381394,
Utils.java,isAnnotationPresent,THIS,Utils,0,RET,$ instanceof TypeVariable=0.022289916873,$ instanceof WildcardType=0.0199689753354,$ instanceof ParameterizedType=0.0194453783333,$ instanceof GenericArrayType=0.0170951373875,$ == 204=0.0106472736225,PATH_SEGMENT_ALWAYS_ENCODE_SET.indexOf($) != -1=0.0104620559141,index >= types.$.length=0.0104183144867,$ == '/'=0.010412321426,$=0.0102961575612,$ instanceof Class=0.01024144236,
Utils.java,isAnnotationPresent,cls,Class<? extends Annotation>,0,RET,$ != null=0.0276172664016,$ == null=0.0267791189253,$ instanceof TypeVariable=0.0204714462161,$ instanceof WildcardType=0.019080221653,$ instanceof ParameterizedType=0.0185258369893,$ instanceof GenericArrayType=0.0163342896849,$.creationFailure != null=0.0116339707747,$.canceled=0.011039705947,$.creationFailure instanceof IOException=0.0107182944193,argumentCount != $.length=0.0100160045549,
Utils.java,validateServiceInterface,service,Class<T>,0,IllegalArgumentException,$ == null=0.0278644822538,$ != null=0.0267182141542,$ instanceof ParameterizedType=0.0179227460176,$ instanceof GenericArrayType=0.0158608928323,$ instanceof WildcardType=0.0149169005454,$ instanceof TypeVariable=0.0142274042591,$.isInterface()=0.0138705438003,$ instanceof Class<?>=0.0137574998662,$ < count=0.0122703099623,toResolve == $=0.0117132524028,
Utils.java,validateServiceInterface,THIS,Utils,0,IllegalArgumentException,$ instanceof ParameterizedType=0.019478039816,$ instanceof TypeVariable=0.0173342246562,$ instanceof WildcardType=0.0145743610337,$ instanceof GenericArrayType=0.0138402124867,$ < count=0.0132962763309,$ == 204=0.0106651587412,$.length == 1=0.0105220284313,PATH_SEGMENT_ALWAYS_ENCODE_SET.indexOf($) != -1=0.0104796290398,$ < start=0.0104583594948,index >= types.$.length=0.0104358149692,
Utils.java,validateServiceInterface,service,Class<T>,0,IllegalArgumentException,$ == null=0.0278644822538,$ != null=0.0267182141542,$ instanceof ParameterizedType=0.0179227460176,$ instanceof GenericArrayType=0.0158608928323,$ instanceof WildcardType=0.0149169005454,$ instanceof TypeVariable=0.0142274042591,$.isInterface()=0.0138705438003,$ instanceof Class<?>=0.0137574998662,$ < count=0.0122703099623,toResolve == $=0.0117132524028,
Utils.java,getParameterUpperBound,THIS,Utils,0,IllegalArgumentException,$ instanceof ParameterizedType=0.0200696513057,$ instanceof TypeVariable=0.0178607199341,$ instanceof WildcardType=0.0161904245615,$ instanceof GenericArrayType=0.0142605835572,PATH_SEGMENT_ALWAYS_ENCODE_SET.indexOf($) != -1=0.0107979290187,index >= types.$.length=0.0107527840883,$ == '/'=0.0107465982437,$=0.0106267044321,$ == 204=0.0105937551707,$ < length=0.0105182826519,
Utils.java,getParameterUpperBound,types,Type[],0,IllegalArgumentException,$ instanceof ParameterizedType=0.0195478070527,$ instanceof WildcardType=0.0174896065146,$ instanceof GenericArrayType=0.0172486416996,$ instanceof TypeVariable=0.0172030162066,$ instanceof Class<?>=0.0155721865594,$ instanceof Class=0.0123975472525,toResolve == $=0.0117991091684,$.isInterface()=0.0117443865165,getRawType($) != Call.class=0.0112011916935,i < $=0.010614708066,
Utils.java,getParameterUpperBound,index,int,0,IllegalArgumentException,i < $=0.0516774207354,$=0.0204007178545,$ instanceof ParameterizedType=0.0195765513927,$ < count=0.016113538295,$ instanceof WildcardType=0.0157926343381,$ instanceof TypeVariable=0.0154949845746,$ instanceof GenericArrayType=0.0139102106914,$ < start=0.0125142605975,$ < length=0.0102598546073,$ instanceof Class=0.0100300814956,
Utils.java,getParameterUpperBound,index,int,0,IllegalArgumentException,i < $=0.0516774207354,$=0.0204007178545,$ instanceof ParameterizedType=0.0195765513927,$ < count=0.016113538295,$ instanceof WildcardType=0.0157926343381,$ instanceof TypeVariable=0.0154949845746,$ instanceof GenericArrayType=0.0139102106914,$ < start=0.0125142605975,$ < length=0.0102598546073,$ instanceof Class=0.0100300814956,
Utils.java,getParameterUpperBound,paramType,Type,0,RET,$ instanceof ParameterizedType=0.030195383355,$ instanceof WildcardType=0.0243366826326,$ instanceof TypeVariable=0.020205616951,$ instanceof GenericArrayType=0.0187455005944,$ instanceof Class=0.0129210697487,$.isInterface()=0.010666821152,toResolve == $=0.0104204621166,toResolve.isAssignableFrom($)=0.0104113314301,$.isSuccessful()=0.0102360621095,RequestBody.class.isAssignableFrom(Utils.getRawType($))=0.0101381260902,
Utils.java,hasUnresolvableType,type,Type,0,RET,$ instanceof ParameterizedType=0.0294529758394,$ instanceof WildcardType=0.022017898038,$ instanceof TypeVariable=0.0219135340303,$ instanceof GenericArrayType=0.0211051534861,$ instanceof Class<?>=0.015400134027,$ instanceof Class=0.0126033816487,toResolve == $=0.011668744497,$.isInterface()=0.0116146262735,getRawType($) != Call.class=0.0110774338245,$.isSuccessful()=0.0107760531828,
Utils.java,hasUnresolvableType,type,Type,0,RET,$ instanceof ParameterizedType=0.0294529758394,$ instanceof WildcardType=0.022017898038,$ instanceof TypeVariable=0.0219135340303,$ instanceof GenericArrayType=0.0211051534861,$ instanceof Class<?>=0.015400134027,$ instanceof Class=0.0126033816487,toResolve == $=0.011668744497,$.isInterface()=0.0116146262735,getRawType($) != Call.class=0.0110774338245,$.isSuccessful()=0.0107760531828,
Utils.java,hasUnresolvableType,THIS,Utils,0,RET,$ instanceof TypeVariable=0.0225725844502,$ instanceof WildcardType=0.020222209394,$ instanceof ParameterizedType=0.019691972062,$ instanceof GenericArrayType=0.0173119287938,PATH_SEGMENT_ALWAYS_ENCODE_SET.indexOf($) != -1=0.0105947293341,index >= types.$.length=0.0105504337698,$ == '/'=0.0105443643406,$=0.0104267271236,$ == 204=0.010394398123,$ instanceof Class=0.010371318087,
Utils.java,hasUnresolvableType,type,Type,0,RET,$ instanceof ParameterizedType=0.0294529758394,$ instanceof WildcardType=0.022017898038,$ instanceof TypeVariable=0.0219135340303,$ instanceof GenericArrayType=0.0211051534861,$ instanceof Class<?>=0.015400134027,$ instanceof Class=0.0126033816487,toResolve == $=0.011668744497,$.isInterface()=0.0116146262735,getRawType($) != Call.class=0.0110774338245,$.isSuccessful()=0.0107760531828,
Utils.java,hasUnresolvableType,type,Type,0,RET,$ instanceof ParameterizedType=0.0294529758394,$ instanceof WildcardType=0.022017898038,$ instanceof TypeVariable=0.0219135340303,$ instanceof GenericArrayType=0.0211051534861,$ instanceof Class<?>=0.015400134027,$ instanceof Class=0.0126033816487,toResolve == $=0.011668744497,$.isInterface()=0.0116146262735,getRawType($) != Call.class=0.0110774338245,$.isSuccessful()=0.0107760531828,
Utils.java,hasUnresolvableType,type,Type,0,RET,$ instanceof ParameterizedType=0.0294529758394,$ instanceof WildcardType=0.022017898038,$ instanceof TypeVariable=0.0219135340303,$ instanceof GenericArrayType=0.0211051534861,$ instanceof Class<?>=0.015400134027,$ instanceof Class=0.0126033816487,toResolve == $=0.011668744497,$.isInterface()=0.0116146262735,getRawType($) != Call.class=0.0110774338245,$.isSuccessful()=0.0107760531828,
Utils.java,getCallResponseType,returnType,Type,0,IllegalArgumentException,$ instanceof ParameterizedType=0.030081814155,$ instanceof WildcardType=0.0176656562835,$ instanceof GenericArrayType=0.0174222644418,$ instanceof TypeVariable=0.0156279746443,$ instanceof Class<?>=0.0140487169847,$ instanceof Class=0.0125223407522,getRawType($) != Call.class=0.0120685901493,toResolve == $=0.0119178788736,$.isInterface()=0.0118626058102,$.isSuccessful()=0.0106013212353,
